day;ev_id;time_slot_dep;time_slot_arr
01/01/2014;1;7;20
01/01/2014;2;8;18
01/01/2014;3;6;15
01/01/2014;4;8;17
01/01/2014;5;7;18
01/01/2014;6;7;20
01/01/2014;7;5;17
01/01/2014;8;5;18
01/01/2014;9;8;19
01/01/2014;10;6;20
02/01/2014;1;6;20
02/01/2014;2;7;18
02/01/2014;3;5;19
02/01/2014;4;6;18
02/01/2014;5;5;18
02/01/2014;6;6;18
02/01/2014;7;5;20
02/01/2014;8;7;18
02/01/2014;9;6;16
02/01/2014;10;7;15
03/01/2014;1;7;17
03/01/2014;2;6;21
03/01/2014;3;7;19
03/01/2014;4;5;17
03/01/2014;5;6;17
03/01/2014;6;5;17
03/01/2014;7;7;15
03/01/2014;8;4;17
03/01/2014;9;5;20
03/01/2014;10;5;16
04/01/2014;1;6;16
04/01/2014;2;7;16
04/01/2014;3;7;17
04/01/2014;4;7;19
04/01/2014;5;5;18
04/01/2014;6;6;18
04/01/2014;7;6;16
04/01/2014;8;4;17
04/01/2014;9;5;17
04/01/2014;10;7;17
05/01/2014;1;7;20
05/01/2014;2;8;18
05/01/2014;3;8;18
05/01/2014;4;7;21
05/01/2014;5;7;17
05/01/2014;6;4;17
05/01/2014;7;6;18
05/01/2014;8;6;19
05/01/2014;9;5;17
05/01/2014;10;5;17
06/01/2014;1;7;16
06/01/2014;2;5;18
06/01/2014;3;5;18
06/01/2014;4;4;16
06/01/2014;5;6;20
06/01/2014;6;7;17
06/01/2014;7;6;19
06/01/2014;8;7;19
06/01/2014;9;7;18
06/01/2014;10;7;19
07/01/2014;1;5;19
07/01/2014;2;8;15
07/01/2014;3;6;16
07/01/2014;4;6;16
07/01/2014;5;5;17
07/01/2014;6;5;16
07/01/2014;7;7;18
07/01/2014;8;8;19
07/01/2014;9;8;21
07/01/2014;10;5;18
08/01/2014;1;7;17
08/01/2014;2;7;17
08/01/2014;3;7;16
08/01/2014;4;7;18
08/01/2014;5;8;17
08/01/2014;6;6;17
08/01/2014;7;7;17
08/01/2014;8;6;17
08/01/2014;9;7;19
08/01/2014;10;6;15
09/01/2014;1;7;17
09/01/2014;2;6;19
09/01/2014;3;7;17
09/01/2014;4;7;18
09/01/2014;5;5;16
09/01/2014;6;6;18
09/01/2014;7;6;17
09/01/2014;8;6;19
09/01/2014;9;5;17
09/01/2014;10;5;15
10/01/2014;1;6;17
10/01/2014;2;6;19
10/01/2014;3;9;19
10/01/2014;4;8;17
10/01/2014;5;8;17
10/01/2014;6;6;16
10/01/2014;7;5;19
10/01/2014;8;6;20
10/01/2014;9;5;19
10/01/2014;10;5;19
11/01/2014;1;7;20
11/01/2014;2;6;18
11/01/2014;3;5;20
11/01/2014;4;8;22
11/01/2014;5;7;19
11/01/2014;6;7;15
11/01/2014;7;6;17
11/01/2014;8;6;20
11/01/2014;9;6;16
11/01/2014;10;6;18
12/01/2014;1;8;16
12/01/2014;2;5;19
12/01/2014;3;6;19
12/01/2014;4;8;19
12/01/2014;5;6;19
12/01/2014;6;6;19
12/01/2014;7;7;16
12/01/2014;8;8;17
12/01/2014;9;5;21
12/01/2014;10;9;17
13/01/2014;1;6;20
13/01/2014;2;6;19
13/01/2014;3;8;15
13/01/2014;4;6;19
13/01/2014;5;8;15
13/01/2014;6;6;19
13/01/2014;7;7;17
13/01/2014;8;7;18
13/01/2014;9;8;19
13/01/2014;10;7;20
14/01/2014;1;6;17
14/01/2014;2;7;18
14/01/2014;3;7;16
14/01/2014;4;7;16
14/01/2014;5;7;17
14/01/2014;6;6;20
14/01/2014;7;5;15
14/01/2014;8;4;21
14/01/2014;9;6;19
14/01/2014;10;7;17
15/01/2014;1;7;19
15/01/2014;2;8;18
15/01/2014;3;6;19
15/01/2014;4;8;17
15/01/2014;5;6;18
15/01/2014;6;7;20
15/01/2014;7;7;16
15/01/2014;8;7;16
15/01/2014;9;7;17
15/01/2014;10;7;18
16/01/2014;1;5;17
16/01/2014;2;6;18
16/01/2014;3;4;19
16/01/2014;4;7;17
16/01/2014;5;7;19
16/01/2014;6;7;19
16/01/2014;7;6;19
16/01/2014;8;6;19
16/01/2014;9;7;19
16/01/2014;10;7;19
17/01/2014;1;7;18
17/01/2014;2;6;19
17/01/2014;3;8;18
17/01/2014;4;7;16
17/01/2014;5;6;18
17/01/2014;6;6;15
17/01/2014;7;7;17
17/01/2014;8;7;21
17/01/2014;9;8;17
17/01/2014;10;7;20
18/01/2014;1;6;19
18/01/2014;2;6;19
18/01/2014;3;7;20
18/01/2014;4;6;17
18/01/2014;5;6;18
18/01/2014;6;4;19
18/01/2014;7;4;21
18/01/2014;8;8;19
18/01/2014;9;9;19
18/01/2014;10;7;18
19/01/2014;1;7;17
19/01/2014;2;8;21
19/01/2014;3;6;18
19/01/2014;4;9;17
19/01/2014;5;7;17
19/01/2014;6;7;18
19/01/2014;7;7;17
19/01/2014;8;6;18
19/01/2014;9;7;20
19/01/2014;10;7;17
20/01/2014;1;7;19
20/01/2014;2;6;17
20/01/2014;3;7;21
20/01/2014;4;6;17
20/01/2014;5;8;17
20/01/2014;6;7;18
20/01/2014;7;8;22
20/01/2014;8;5;22
20/01/2014;9;6;18
20/01/2014;10;8;20
21/01/2014;1;6;18
21/01/2014;2;8;19
21/01/2014;3;7;17
21/01/2014;4;6;18
21/01/2014;5;9;18
21/01/2014;6;5;18
21/01/2014;7;7;16
21/01/2014;8;7;20
21/01/2014;9;6;20
21/01/2014;10;7;17
22/01/2014;1;4;19
22/01/2014;2;8;17
22/01/2014;3;7;16
22/01/2014;4;6;17
22/01/2014;5;6;20
22/01/2014;6;7;16
22/01/2014;7;7;19
22/01/2014;8;6;19
22/01/2014;9;8;19
22/01/2014;10;4;19
23/01/2014;1;7;18
23/01/2014;2;6;20
23/01/2014;3;7;18
23/01/2014;4;5;18
23/01/2014;5;6;18
23/01/2014;6;7;19
23/01/2014;7;7;20
23/01/2014;8;6;18
23/01/2014;9;7;22
23/01/2014;10;7;17
24/01/2014;1;7;18
24/01/2014;2;8;20
24/01/2014;3;5;19
24/01/2014;4;7;20
24/01/2014;5;6;21
24/01/2014;6;7;15
24/01/2014;7;6;21
24/01/2014;8;6;17
24/01/2014;9;6;18
24/01/2014;10;7;18
25/01/2014;1;8;18
25/01/2014;2;7;20
25/01/2014;3;6;21
25/01/2014;4;6;15
25/01/2014;5;8;17
25/01/2014;6;7;18
25/01/2014;7;7;18
25/01/2014;8;5;17
25/01/2014;9;5;15
25/01/2014;10;5;18
26/01/2014;1;6;18
26/01/2014;2;6;18
26/01/2014;3;7;18
26/01/2014;4;8;17
26/01/2014;5;7;17
26/01/2014;6;6;17
26/01/2014;7;6;18
26/01/2014;8;5;17
26/01/2014;9;9;16
26/01/2014;10;6;20
27/01/2014;1;5;19
27/01/2014;2;7;18
27/01/2014;3;5;19
27/01/2014;4;6;17
27/01/2014;5;7;18
27/01/2014;6;7;21
27/01/2014;7;8;18
27/01/2014;8;6;17
27/01/2014;9;7;19
27/01/2014;10;8;14
28/01/2014;1;8;19
28/01/2014;2;6;18
28/01/2014;3;6;15
28/01/2014;4;6;18
28/01/2014;5;6;19
28/01/2014;6;8;16
28/01/2014;7;8;18
28/01/2014;8;6;18
28/01/2014;9;8;15
28/01/2014;10;8;18
29/01/2014;1;8;19
29/01/2014;2;7;18
29/01/2014;3;7;20
29/01/2014;4;7;15
29/01/2014;5;7;17
29/01/2014;6;8;19
29/01/2014;7;6;19
29/01/2014;8;7;19
29/01/2014;9;7;17
29/01/2014;10;5;18
30/01/2014;1;7;20
30/01/2014;2;7;19
30/01/2014;3;6;18
30/01/2014;4;6;19
30/01/2014;5;5;16
30/01/2014;6;7;20
30/01/2014;7;8;16
30/01/2014;8;5;19
30/01/2014;9;6;18
30/01/2014;10;8;17
31/01/2014;1;5;19
31/01/2014;2;6;20
31/01/2014;3;7;19
31/01/2014;4;5;20
31/01/2014;5;7;19
31/01/2014;6;5;16
31/01/2014;7;6;18
31/01/2014;8;7;18
31/01/2014;9;7;20
31/01/2014;10;6;18
01/02/2014;1;6;20
01/02/2014;2;6;15
01/02/2014;3;6;22
01/02/2014;4;7;16
01/02/2014;5;7;15
01/02/2014;6;8;18
01/02/2014;7;7;17
01/02/2014;8;6;18
01/02/2014;9;6;20
01/02/2014;10;6;15
02/02/2014;1;6;19
02/02/2014;2;6;19
02/02/2014;3;8;17
02/02/2014;4;7;18
02/02/2014;5;8;19
02/02/2014;6;7;15
02/02/2014;7;7;17
02/02/2014;8;6;18
02/02/2014;9;6;21
02/02/2014;10;7;21
03/02/2014;1;6;15
03/02/2014;2;6;17
03/02/2014;3;7;16
03/02/2014;4;7;17
03/02/2014;5;8;19
03/02/2014;6;7;15
03/02/2014;7;7;18
03/02/2014;8;5;18
03/02/2014;9;4;19
03/02/2014;10;8;17
04/02/2014;1;5;19
04/02/2014;2;8;18
04/02/2014;3;6;20
04/02/2014;4;7;22
04/02/2014;5;7;17
04/02/2014;6;6;17
04/02/2014;7;5;16
04/02/2014;8;7;18
04/02/2014;9;6;18
04/02/2014;10;8;17
05/02/2014;1;6;16
05/02/2014;2;6;18
05/02/2014;3;6;16
05/02/2014;4;6;17
05/02/2014;5;7;17
05/02/2014;6;7;17
05/02/2014;7;6;18
05/02/2014;8;7;19
05/02/2014;9;5;18
05/02/2014;10;6;18
06/02/2014;1;7;19
06/02/2014;2;6;16
06/02/2014;3;3;17
06/02/2014;4;7;19
06/02/2014;5;7;15
06/02/2014;6;8;20
06/02/2014;7;7;18
06/02/2014;8;5;19
06/02/2014;9;7;19
06/02/2014;10;8;19
07/02/2014;1;7;17
07/02/2014;2;7;18
07/02/2014;3;6;15
07/02/2014;4;7;19
07/02/2014;5;7;17
07/02/2014;6;7;16
07/02/2014;7;6;19
07/02/2014;8;8;21
07/02/2014;9;6;19
07/02/2014;10;5;18
08/02/2014;1;7;18
08/02/2014;2;7;17
08/02/2014;3;7;19
08/02/2014;4;8;19
08/02/2014;5;7;20
08/02/2014;6;7;19
08/02/2014;7;8;20
08/02/2014;8;6;17
08/02/2014;9;6;17
08/02/2014;10;5;18
09/02/2014;1;7;17
09/02/2014;2;7;21
09/02/2014;3;5;17
09/02/2014;4;5;17
09/02/2014;5;6;18
09/02/2014;6;7;19
09/02/2014;7;6;18
09/02/2014;8;6;16
09/02/2014;9;7;17
09/02/2014;10;6;17
10/02/2014;1;7;17
10/02/2014;2;6;16
10/02/2014;3;7;18
10/02/2014;4;6;24
10/02/2014;5;8;17
10/02/2014;6;7;19
10/02/2014;7;6;17
10/02/2014;8;6;20
10/02/2014;9;7;16
10/02/2014;10;7;20
11/02/2014;1;7;20
11/02/2014;2;7;18
11/02/2014;3;5;21
11/02/2014;4;5;17
11/02/2014;5;7;19
11/02/2014;6;6;17
11/02/2014;7;7;16
11/02/2014;8;6;20
11/02/2014;9;8;19
11/02/2014;10;6;18
12/02/2014;1;10;17
12/02/2014;2;8;17
12/02/2014;3;6;18
12/02/2014;4;5;17
12/02/2014;5;6;16
12/02/2014;6;8;18
12/02/2014;7;8;16
12/02/2014;8;5;19
12/02/2014;9;6;18
12/02/2014;10;5;19
13/02/2014;1;7;19
13/02/2014;2;6;19
13/02/2014;3;6;19
13/02/2014;4;8;18
13/02/2014;5;6;15
13/02/2014;6;5;20
13/02/2014;7;7;21
13/02/2014;8;5;17
13/02/2014;9;6;17
13/02/2014;10;6;19
14/02/2014;1;7;14
14/02/2014;2;8;15
14/02/2014;3;8;21
14/02/2014;4;6;21
14/02/2014;5;5;17
14/02/2014;6;7;20
14/02/2014;7;6;20
14/02/2014;8;7;19
14/02/2014;9;6;16
14/02/2014;10;9;17
15/02/2014;1;5;17
15/02/2014;2;5;15
15/02/2014;3;6;18
15/02/2014;4;7;20
15/02/2014;5;6;18
15/02/2014;6;7;19
15/02/2014;7;8;18
15/02/2014;8;8;20
15/02/2014;9;6;18
15/02/2014;10;7;19
16/02/2014;1;5;19
16/02/2014;2;7;19
16/02/2014;3;6;19
16/02/2014;4;6;17
16/02/2014;5;5;15
16/02/2014;6;5;19
16/02/2014;7;7;19
16/02/2014;8;7;18
16/02/2014;9;7;17
16/02/2014;10;5;15
17/02/2014;1;7;17
17/02/2014;2;6;20
17/02/2014;3;6;16
17/02/2014;4;5;18
17/02/2014;5;6;17
17/02/2014;6;6;22
17/02/2014;7;6;18
17/02/2014;8;7;16
17/02/2014;9;5;19
17/02/2014;10;7;18
18/02/2014;1;8;18
18/02/2014;2;4;17
18/02/2014;3;7;18
18/02/2014;4;5;19
18/02/2014;5;7;16
18/02/2014;6;6;20
18/02/2014;7;6;19
18/02/2014;8;7;19
18/02/2014;9;6;17
18/02/2014;10;6;20
19/02/2014;1;7;18
19/02/2014;2;8;19
19/02/2014;3;8;19
19/02/2014;4;7;16
19/02/2014;5;6;21
19/02/2014;6;6;20
19/02/2014;7;6;17
19/02/2014;8;7;19
19/02/2014;9;3;19
19/02/2014;10;5;17
20/02/2014;1;8;18
20/02/2014;2;5;17
20/02/2014;3;6;19
20/02/2014;4;6;18
20/02/2014;5;8;17
20/02/2014;6;7;17
20/02/2014;7;8;19
20/02/2014;8;6;16
20/02/2014;9;7;16
20/02/2014;10;6;17
21/02/2014;1;5;17
21/02/2014;2;6;19
21/02/2014;3;7;19
21/02/2014;4;6;18
21/02/2014;5;5;16
21/02/2014;6;8;19
21/02/2014;7;7;16
21/02/2014;8;6;16
21/02/2014;9;5;19
21/02/2014;10;5;17
22/02/2014;1;6;16
22/02/2014;2;6;17
22/02/2014;3;5;16
22/02/2014;4;6;19
22/02/2014;5;6;16
22/02/2014;6;7;19
22/02/2014;7;5;15
22/02/2014;8;6;19
22/02/2014;9;6;20
22/02/2014;10;7;17
23/02/2014;1;6;19
23/02/2014;2;5;20
23/02/2014;3;8;19
23/02/2014;4;7;17
23/02/2014;5;6;18
23/02/2014;6;7;19
23/02/2014;7;8;18
23/02/2014;8;7;20
23/02/2014;9;8;18
23/02/2014;10;6;18
24/02/2014;1;6;18
24/02/2014;2;6;18
24/02/2014;3;7;19
24/02/2014;4;6;18
24/02/2014;5;7;17
24/02/2014;6;5;17
24/02/2014;7;7;18
24/02/2014;8;7;17
24/02/2014;9;6;20
24/02/2014;10;7;21
25/02/2014;1;7;19
25/02/2014;2;7;16
25/02/2014;3;7;18
25/02/2014;4;7;16
25/02/2014;5;6;17
25/02/2014;6;6;15
25/02/2014;7;6;20
25/02/2014;8;6;18
25/02/2014;9;7;17
25/02/2014;10;7;19
26/02/2014;1;7;20
26/02/2014;2;8;17
26/02/2014;3;6;16
26/02/2014;4;8;17
26/02/2014;5;8;18
26/02/2014;6;6;19
26/02/2014;7;7;18
26/02/2014;8;7;18
26/02/2014;9;7;19
26/02/2014;10;6;16
27/02/2014;1;7;17
27/02/2014;2;6;19
27/02/2014;3;6;21
27/02/2014;4;6;17
27/02/2014;5;7;18
27/02/2014;6;8;18
27/02/2014;7;7;20
27/02/2014;8;7;18
27/02/2014;9;5;18
27/02/2014;10;6;16
28/02/2014;1;9;18
28/02/2014;2;6;20
28/02/2014;3;7;18
28/02/2014;4;6;20
28/02/2014;5;5;18
28/02/2014;6;6;18
28/02/2014;7;6;17
28/02/2014;8;7;18
28/02/2014;9;5;16
28/02/2014;10;8;18
01/03/2014;1;7;20
01/03/2014;2;5;17
01/03/2014;3;5;20
01/03/2014;4;7;18
01/03/2014;5;7;17
01/03/2014;6;6;19
01/03/2014;7;7;17
01/03/2014;8;8;17
01/03/2014;9;7;17
01/03/2014;10;7;16
02/03/2014;1;8;17
02/03/2014;2;6;21
02/03/2014;3;6;19
02/03/2014;4;7;19
02/03/2014;5;7;16
02/03/2014;6;7;19
02/03/2014;7;7;21
02/03/2014;8;5;19
02/03/2014;9;6;18
02/03/2014;10;7;18
03/03/2014;1;5;18
03/03/2014;2;6;19
03/03/2014;3;6;20
03/03/2014;4;5;19
03/03/2014;5;7;18
03/03/2014;6;7;19
03/03/2014;7;7;19
03/03/2014;8;4;19
03/03/2014;9;7;17
03/03/2014;10;8;19
04/03/2014;1;6;19
04/03/2014;2;6;19
04/03/2014;3;5;18
04/03/2014;4;6;19
04/03/2014;5;4;20
04/03/2014;6;9;17
04/03/2014;7;6;17
04/03/2014;8;8;19
04/03/2014;9;6;18
04/03/2014;10;6;21
05/03/2014;1;5;19
05/03/2014;2;7;18
05/03/2014;3;8;17
05/03/2014;4;8;15
05/03/2014;5;6;17
05/03/2014;6;6;18
05/03/2014;7;8;15
05/03/2014;8;9;19
05/03/2014;9;4;20
05/03/2014;10;8;18
06/03/2014;1;8;19
06/03/2014;2;6;18
06/03/2014;3;8;17
06/03/2014;4;7;15
06/03/2014;5;5;20
06/03/2014;6;6;18
06/03/2014;7;8;16
06/03/2014;8;7;22
06/03/2014;9;7;21
06/03/2014;10;6;19
07/03/2014;1;7;18
07/03/2014;2;5;21
07/03/2014;3;6;16
07/03/2014;4;4;17
07/03/2014;5;6;20
07/03/2014;6;8;18
07/03/2014;7;6;17
07/03/2014;8;8;18
07/03/2014;9;6;22
07/03/2014;10;6;17
08/03/2014;1;7;15
08/03/2014;2;4;19
08/03/2014;3;7;22
08/03/2014;4;6;20
08/03/2014;5;8;15
08/03/2014;6;7;18
08/03/2014;7;6;16
08/03/2014;8;6;20
08/03/2014;9;6;17
08/03/2014;10;7;20
09/03/2014;1;5;18
09/03/2014;2;6;19
09/03/2014;3;6;15
09/03/2014;4;7;20
09/03/2014;5;8;18
09/03/2014;6;7;17
09/03/2014;7;8;20
09/03/2014;8;7;19
09/03/2014;9;7;16
09/03/2014;10;7;16
10/03/2014;1;7;18
10/03/2014;2;6;16
10/03/2014;3;7;17
10/03/2014;4;6;18
10/03/2014;5;7;18
10/03/2014;6;6;22
10/03/2014;7;6;17
10/03/2014;8;7;19
10/03/2014;9;6;18
10/03/2014;10;8;19
11/03/2014;1;6;17
11/03/2014;2;6;16
11/03/2014;3;8;23
11/03/2014;4;5;18
11/03/2014;5;6;17
11/03/2014;6;6;17
11/03/2014;7;5;19
11/03/2014;8;6;18
11/03/2014;9;5;21
11/03/2014;10;7;19
12/03/2014;1;7;17
12/03/2014;2;7;18
12/03/2014;3;7;20
12/03/2014;4;7;19
12/03/2014;5;7;21
12/03/2014;6;8;20
12/03/2014;7;6;14
12/03/2014;8;7;20
12/03/2014;9;7;18
12/03/2014;10;7;23
13/03/2014;1;8;20
13/03/2014;2;8;16
13/03/2014;3;6;16
13/03/2014;4;6;20
13/03/2014;5;6;17
13/03/2014;6;4;17
13/03/2014;7;5;19
13/03/2014;8;4;15
13/03/2014;9;6;18
13/03/2014;10;6;14
14/03/2014;1;8;19
14/03/2014;2;6;18
14/03/2014;3;8;20
14/03/2014;4;8;17
14/03/2014;5;5;17
14/03/2014;6;7;17
14/03/2014;7;7;19
14/03/2014;8;7;19
14/03/2014;9;6;15
14/03/2014;10;6;15
15/03/2014;1;6;18
15/03/2014;2;6;19
15/03/2014;3;8;18
15/03/2014;4;8;19
15/03/2014;5;7;17
15/03/2014;6;5;19
15/03/2014;7;7;18
15/03/2014;8;8;20
15/03/2014;9;6;18
15/03/2014;10;7;14
16/03/2014;1;9;15
16/03/2014;2;6;18
16/03/2014;3;8;19
16/03/2014;4;7;17
16/03/2014;5;7;17
16/03/2014;6;7;18
16/03/2014;7;6;19
16/03/2014;8;5;19
16/03/2014;9;5;18
16/03/2014;10;7;18
17/03/2014;1;4;18
17/03/2014;2;7;18
17/03/2014;3;7;18
17/03/2014;4;8;18
17/03/2014;5;6;16
17/03/2014;6;5;19
17/03/2014;7;6;18
17/03/2014;8;5;19
17/03/2014;9;8;16
17/03/2014;10;5;22
18/03/2014;1;8;18
18/03/2014;2;8;17
18/03/2014;3;5;18
18/03/2014;4;8;17
18/03/2014;5;6;21
18/03/2014;6;7;16
18/03/2014;7;7;18
18/03/2014;8;8;19
18/03/2014;9;7;17
18/03/2014;10;6;18
19/03/2014;1;7;19
19/03/2014;2;7;19
19/03/2014;3;7;15
19/03/2014;4;8;16
19/03/2014;5;5;19
19/03/2014;6;7;21
19/03/2014;7;7;19
19/03/2014;8;7;19
19/03/2014;9;7;19
19/03/2014;10;5;18
20/03/2014;1;5;14
20/03/2014;2;8;20
20/03/2014;3;6;21
20/03/2014;4;7;19
20/03/2014;5;5;18
20/03/2014;6;6;17
20/03/2014;7;10;18
20/03/2014;8;6;20
20/03/2014;9;7;18
20/03/2014;10;6;17
21/03/2014;1;6;17
21/03/2014;2;5;18
21/03/2014;3;8;20
21/03/2014;4;6;17
21/03/2014;5;5;18
21/03/2014;6;6;17
21/03/2014;7;8;17
21/03/2014;8;8;16
21/03/2014;9;6;15
21/03/2014;10;5;16
22/03/2014;1;6;18
22/03/2014;2;5;14
22/03/2014;3;5;18
22/03/2014;4;8;18
22/03/2014;5;6;17
22/03/2014;6;6;17
22/03/2014;7;6;18
22/03/2014;8;5;19
22/03/2014;9;7;16
22/03/2014;10;7;18
23/03/2014;1;7;17
23/03/2014;2;5;18
23/03/2014;3;6;19
23/03/2014;4;8;20
23/03/2014;5;6;17
23/03/2014;6;5;22
23/03/2014;7;7;17
23/03/2014;8;6;17
23/03/2014;9;8;19
23/03/2014;10;6;20
24/03/2014;1;9;20
24/03/2014;2;6;18
24/03/2014;3;7;20
24/03/2014;4;6;18
24/03/2014;5;7;16
24/03/2014;6;5;14
24/03/2014;7;6;15
24/03/2014;8;7;15
24/03/2014;9;6;18
24/03/2014;10;8;17
25/03/2014;1;5;17
25/03/2014;2;7;17
25/03/2014;3;7;18
25/03/2014;4;6;18
25/03/2014;5;7;18
25/03/2014;6;7;17
25/03/2014;7;9;16
25/03/2014;8;5;18
25/03/2014;9;6;18
25/03/2014;10;7;20
26/03/2014;1;7;19
26/03/2014;2;7;17
26/03/2014;3;8;14
26/03/2014;4;6;20
26/03/2014;5;5;18
26/03/2014;6;5;18
26/03/2014;7;6;20
26/03/2014;8;8;18
26/03/2014;9;7;17
26/03/2014;10;6;15
27/03/2014;1;7;18
27/03/2014;2;6;17
27/03/2014;3;6;18
27/03/2014;4;5;19
27/03/2014;5;7;18
27/03/2014;6;7;20
27/03/2014;7;7;17
27/03/2014;8;9;17
27/03/2014;9;6;17
27/03/2014;10;5;17
28/03/2014;1;7;16
28/03/2014;2;7;18
28/03/2014;3;5;19
28/03/2014;4;7;20
28/03/2014;5;7;18
28/03/2014;6;8;18
28/03/2014;7;7;15
28/03/2014;8;7;19
28/03/2014;9;4;17
28/03/2014;10;7;19
29/03/2014;1;6;18
29/03/2014;2;5;18
29/03/2014;3;8;18
29/03/2014;4;6;16
29/03/2014;5;5;19
29/03/2014;6;6;17
29/03/2014;7;6;19
29/03/2014;8;6;18
29/03/2014;9;7;17
29/03/2014;10;6;16
30/03/2014;1;7;19
30/03/2014;2;5;19
30/03/2014;3;7;17
30/03/2014;4;6;20
30/03/2014;5;7;19
30/03/2014;6;5;17
30/03/2014;7;7;17
30/03/2014;8;9;18
30/03/2014;9;7;18
30/03/2014;10;5;19
31/03/2014;1;7;18
31/03/2014;2;7;18
31/03/2014;3;7;17
31/03/2014;4;8;19
31/03/2014;5;6;18
31/03/2014;6;7;19
31/03/2014;7;8;16
31/03/2014;8;7;17
31/03/2014;9;8;17
31/03/2014;10;6;22
01/04/2014;1;7;15
01/04/2014;2;6;18
01/04/2014;3;7;17
01/04/2014;4;7;19
01/04/2014;5;7;20
01/04/2014;6;6;17
01/04/2014;7;5;17
01/04/2014;8;6;19
01/04/2014;9;4;19
01/04/2014;10;7;16
02/04/2014;1;5;18
02/04/2014;2;8;16
02/04/2014;3;6;19
02/04/2014;4;8;17
02/04/2014;5;6;17
02/04/2014;6;6;19
02/04/2014;7;6;16
02/04/2014;8;9;19
02/04/2014;9;8;20
02/04/2014;10;7;18
03/04/2014;1;7;19
03/04/2014;2;5;17
03/04/2014;3;6;17
03/04/2014;4;5;17
03/04/2014;5;5;18
03/04/2014;6;8;18
03/04/2014;7;5;17
03/04/2014;8;7;18
03/04/2014;9;9;20
03/04/2014;10;5;16
04/04/2014;1;5;16
04/04/2014;2;6;18
04/04/2014;3;6;16
04/04/2014;4;5;20
04/04/2014;5;6;17
04/04/2014;6;6;18
04/04/2014;7;7;20
04/04/2014;8;6;19
04/04/2014;9;6;19
04/04/2014;10;6;17
05/04/2014;1;6;21
05/04/2014;2;6;17
05/04/2014;3;7;19
05/04/2014;4;7;19
05/04/2014;5;6;19
05/04/2014;6;6;19
05/04/2014;7;7;19
05/04/2014;8;7;16
05/04/2014;9;5;17
05/04/2014;10;6;19
06/04/2014;1;7;18
06/04/2014;2;6;18
06/04/2014;3;6;19
06/04/2014;4;8;16
06/04/2014;5;7;18
06/04/2014;6;7;18
06/04/2014;7;8;19
06/04/2014;8;6;19
06/04/2014;9;7;19
06/04/2014;10;7;17
07/04/2014;1;7;19
07/04/2014;2;7;16
07/04/2014;3;8;17
07/04/2014;4;6;17
07/04/2014;5;8;20
07/04/2014;6;6;16
07/04/2014;7;7;15
07/04/2014;8;4;18
07/04/2014;9;7;18
07/04/2014;10;7;19
08/04/2014;1;5;19
08/04/2014;2;5;18
08/04/2014;3;5;20
08/04/2014;4;7;16
08/04/2014;5;6;18
08/04/2014;6;6;15
08/04/2014;7;7;19
08/04/2014;8;8;19
08/04/2014;9;7;17
08/04/2014;10;6;18
09/04/2014;1;6;18
09/04/2014;2;8;18
09/04/2014;3;7;17
09/04/2014;4;6;19
09/04/2014;5;7;18
09/04/2014;6;6;15
09/04/2014;7;5;17
09/04/2014;8;8;19
09/04/2014;9;5;17
09/04/2014;10;5;17
10/04/2014;1;7;19
10/04/2014;2;7;17
10/04/2014;3;7;21
10/04/2014;4;7;19
10/04/2014;5;7;20
10/04/2014;6;6;18
10/04/2014;7;5;19
10/04/2014;8;7;19
10/04/2014;9;7;18
10/04/2014;10;5;16
11/04/2014;1;7;20
11/04/2014;2;8;20
11/04/2014;3;8;17
11/04/2014;4;8;20
11/04/2014;5;7;20
11/04/2014;6;7;18
11/04/2014;7;7;18
11/04/2014;8;5;17
11/04/2014;9;6;18
11/04/2014;10;5;19
12/04/2014;1;6;19
12/04/2014;2;8;19
12/04/2014;3;7;18
12/04/2014;4;8;17
12/04/2014;5;6;19
12/04/2014;6;7;17
12/04/2014;7;7;15
12/04/2014;8;7;21
12/04/2014;9;6;16
12/04/2014;10;8;18
13/04/2014;1;6;17
13/04/2014;2;7;19
13/04/2014;3;6;18
13/04/2014;4;7;17
13/04/2014;5;7;15
13/04/2014;6;8;18
13/04/2014;7;6;21
13/04/2014;8;6;19
13/04/2014;9;6;20
13/04/2014;10;5;17
14/04/2014;1;8;17
14/04/2014;2;6;15
14/04/2014;3;8;18
14/04/2014;4;6;19
14/04/2014;5;6;17
14/04/2014;6;7;19
14/04/2014;7;6;18
14/04/2014;8;7;18
14/04/2014;9;6;19
14/04/2014;10;6;21
15/04/2014;1;8;17
15/04/2014;2;5;19
15/04/2014;3;5;20
15/04/2014;4;5;19
15/04/2014;5;8;16
15/04/2014;6;7;20
15/04/2014;7;7;17
15/04/2014;8;6;19
15/04/2014;9;7;16
15/04/2014;10;7;22
16/04/2014;1;5;18
16/04/2014;2;7;20
16/04/2014;3;6;17
16/04/2014;4;6;20
16/04/2014;5;8;19
16/04/2014;6;7;18
16/04/2014;7;6;19
16/04/2014;8;6;16
16/04/2014;9;6;18
16/04/2014;10;9;15
17/04/2014;1;5;17
17/04/2014;2;5;17
17/04/2014;3;7;18
17/04/2014;4;7;18
17/04/2014;5;9;16
17/04/2014;6;6;17
17/04/2014;7;8;16
17/04/2014;8;7;19
17/04/2014;9;8;18
17/04/2014;10;5;18
18/04/2014;1;5;21
18/04/2014;2;6;18
18/04/2014;3;7;15
18/04/2014;4;8;18
18/04/2014;5;6;17
18/04/2014;6;8;18
18/04/2014;7;6;19
18/04/2014;8;8;20
18/04/2014;9;6;19
18/04/2014;10;8;19
19/04/2014;1;6;18
19/04/2014;2;8;16
19/04/2014;3;5;21
19/04/2014;4;6;19
19/04/2014;5;6;18
19/04/2014;6;5;16
19/04/2014;7;8;18
19/04/2014;8;6;18
19/04/2014;9;6;18
19/04/2014;10;7;16
20/04/2014;1;8;20
20/04/2014;2;6;16
20/04/2014;3;6;18
20/04/2014;4;6;19
20/04/2014;5;8;16
20/04/2014;6;5;17
20/04/2014;7;7;20
20/04/2014;8;7;18
20/04/2014;9;6;20
20/04/2014;10;7;19
21/04/2014;1;5;17
21/04/2014;2;8;17
21/04/2014;3;8;18
21/04/2014;4;7;17
21/04/2014;5;7;17
21/04/2014;6;6;20
21/04/2014;7;7;20
21/04/2014;8;6;19
21/04/2014;9;7;17
21/04/2014;10;8;18
22/04/2014;1;6;16
22/04/2014;2;6;17
22/04/2014;3;6;17
22/04/2014;4;6;18
22/04/2014;5;7;17
22/04/2014;6;6;19
22/04/2014;7;6;18
22/04/2014;8;5;18
22/04/2014;9;6;19
22/04/2014;10;6;20
23/04/2014;1;6;18
23/04/2014;2;5;18
23/04/2014;3;5;17
23/04/2014;4;7;17
23/04/2014;5;7;18
23/04/2014;6;6;16
23/04/2014;7;8;20
23/04/2014;8;7;18
23/04/2014;9;9;19
23/04/2014;10;6;20
24/04/2014;1;7;20
24/04/2014;2;5;19
24/04/2014;3;7;17
24/04/2014;4;6;19
24/04/2014;5;6;18
24/04/2014;6;6;18
24/04/2014;7;9;19
24/04/2014;8;6;22
24/04/2014;9;8;17
24/04/2014;10;6;20
25/04/2014;1;5;15
25/04/2014;2;4;18
25/04/2014;3;6;19
25/04/2014;4;8;19
25/04/2014;5;7;17
25/04/2014;6;8;17
25/04/2014;7;6;17
25/04/2014;8;7;16
25/04/2014;9;7;19
25/04/2014;10;7;17
26/04/2014;1;6;18
26/04/2014;2;6;15
26/04/2014;3;7;19
26/04/2014;4;6;18
26/04/2014;5;5;20
26/04/2014;6;7;18
26/04/2014;7;8;16
26/04/2014;8;7;19
26/04/2014;9;7;19
26/04/2014;10;7;18
27/04/2014;1;7;19
27/04/2014;2;6;19
27/04/2014;3;8;17
27/04/2014;4;8;21
27/04/2014;5;8;17
27/04/2014;6;9;20
27/04/2014;7;7;19
27/04/2014;8;7;19
27/04/2014;9;4;15
27/04/2014;10;7;18
28/04/2014;1;6;19
28/04/2014;2;7;19
28/04/2014;3;8;18
28/04/2014;4;7;18
28/04/2014;5;8;17
28/04/2014;6;6;16
28/04/2014;7;6;15
28/04/2014;8;6;17
28/04/2014;9;6;17
28/04/2014;10;6;20
29/04/2014;1;5;20
29/04/2014;2;8;20
29/04/2014;3;6;18
29/04/2014;4;5;20
29/04/2014;5;8;18
29/04/2014;6;5;19
29/04/2014;7;7;19
29/04/2014;8;7;19
29/04/2014;9;6;17
29/04/2014;10;7;16
30/04/2014;1;6;19
30/04/2014;2;6;18
30/04/2014;3;6;20
30/04/2014;4;5;18
30/04/2014;5;7;17
30/04/2014;6;9;18
30/04/2014;7;7;17
30/04/2014;8;7;17
30/04/2014;9;6;17
30/04/2014;10;7;19
01/05/2014;1;7;18
01/05/2014;2;7;18
01/05/2014;3;7;18
01/05/2014;4;6;21
01/05/2014;5;6;19
01/05/2014;6;6;16
01/05/2014;7;7;16
01/05/2014;8;7;17
01/05/2014;9;7;19
01/05/2014;10;6;19
02/05/2014;1;5;20
02/05/2014;2;7;18
02/05/2014;3;6;16
02/05/2014;4;8;18
02/05/2014;5;5;18
02/05/2014;6;6;17
02/05/2014;7;6;18
02/05/2014;8;6;19
02/05/2014;9;6;18
02/05/2014;10;6;16
03/05/2014;1;5;19
03/05/2014;2;4;18
03/05/2014;3;6;19
03/05/2014;4;6;18
03/05/2014;5;8;17
03/05/2014;6;7;18
03/05/2014;7;9;15
03/05/2014;8;6;19
03/05/2014;9;7;17
03/05/2014;10;8;18
04/05/2014;1;8;19
04/05/2014;2;6;19
04/05/2014;3;6;17
04/05/2014;4;8;19
04/05/2014;5;7;16
04/05/2014;6;8;21
04/05/2014;7;7;17
04/05/2014;8;9;17
04/05/2014;9;6;19
04/05/2014;10;6;17
05/05/2014;1;6;17
05/05/2014;2;6;19
05/05/2014;3;7;17
05/05/2014;4;9;17
05/05/2014;5;8;18
05/05/2014;6;5;17
05/05/2014;7;6;20
05/05/2014;8;6;20
05/05/2014;9;8;17
05/05/2014;10;6;16
06/05/2014;1;6;16
06/05/2014;2;6;17
06/05/2014;3;6;19
06/05/2014;4;7;20
06/05/2014;5;8;19
06/05/2014;6;8;18
06/05/2014;7;7;20
06/05/2014;8;7;18
06/05/2014;9;7;19
06/05/2014;10;8;18
07/05/2014;1;7;19
07/05/2014;2;6;17
07/05/2014;3;7;18
07/05/2014;4;5;16
07/05/2014;5;8;16
07/05/2014;6;7;19
07/05/2014;7;9;17
07/05/2014;8;5;18
07/05/2014;9;6;20
07/05/2014;10;7;18
08/05/2014;1;6;19
08/05/2014;2;7;17
08/05/2014;3;6;17
08/05/2014;4;7;17
08/05/2014;5;5;16
08/05/2014;6;8;20
08/05/2014;7;6;18
08/05/2014;8;7;16
08/05/2014;9;6;16
08/05/2014;10;7;16
09/05/2014;1;6;19
09/05/2014;2;7;21
09/05/2014;3;8;19
09/05/2014;4;5;19
09/05/2014;5;6;18
09/05/2014;6;8;21
09/05/2014;7;6;20
09/05/2014;8;7;17
09/05/2014;9;5;20
09/05/2014;10;7;18
10/05/2014;1;8;18
10/05/2014;2;6;20
10/05/2014;3;5;19
10/05/2014;4;7;20
10/05/2014;5;5;19
10/05/2014;6;8;15
10/05/2014;7;7;18
10/05/2014;8;6;18
10/05/2014;9;5;20
10/05/2014;10;7;19
11/05/2014;1;7;19
11/05/2014;2;7;18
11/05/2014;3;6;21
11/05/2014;4;6;15
11/05/2014;5;6;19
11/05/2014;6;5;18
11/05/2014;7;7;16
11/05/2014;8;7;16
11/05/2014;9;4;17
11/05/2014;10;8;19
12/05/2014;1;7;18
12/05/2014;2;7;21
12/05/2014;3;7;16
12/05/2014;4;7;19
12/05/2014;5;5;16
12/05/2014;6;8;17
12/05/2014;7;6;17
12/05/2014;8;7;17
12/05/2014;9;6;16
12/05/2014;10;6;18
13/05/2014;1;6;19
13/05/2014;2;7;18
13/05/2014;3;6;18
13/05/2014;4;6;21
13/05/2014;5;4;18
13/05/2014;6;8;18
13/05/2014;7;6;17
13/05/2014;8;7;20
13/05/2014;9;7;15
13/05/2014;10;8;20
14/05/2014;1;7;17
14/05/2014;2;7;17
14/05/2014;3;5;20
14/05/2014;4;6;18
14/05/2014;5;5;18
14/05/2014;6;7;17
14/05/2014;7;7;19
14/05/2014;8;8;16
14/05/2014;9;7;18
14/05/2014;10;7;17
15/05/2014;1;5;18
15/05/2014;2;7;17
15/05/2014;3;7;18
15/05/2014;4;5;17
15/05/2014;5;7;18
15/05/2014;6;5;18
15/05/2014;7;8;17
15/05/2014;8;6;19
15/05/2014;9;8;16
15/05/2014;10;6;17
16/05/2014;1;5;21
16/05/2014;2;6;18
16/05/2014;3;7;20
16/05/2014;4;8;19
16/05/2014;5;5;19
16/05/2014;6;5;17
16/05/2014;7;7;19
16/05/2014;8;8;19
16/05/2014;9;8;16
16/05/2014;10;8;16
17/05/2014;1;6;19
17/05/2014;2;7;19
17/05/2014;3;6;18
17/05/2014;4;6;20
17/05/2014;5;6;15
17/05/2014;6;6;17
17/05/2014;7;7;17
17/05/2014;8;8;20
17/05/2014;9;5;18
17/05/2014;10;7;18
18/05/2014;1;7;17
18/05/2014;2;5;23
18/05/2014;3;8;16
18/05/2014;4;6;18
18/05/2014;5;6;17
18/05/2014;6;7;17
18/05/2014;7;6;17
18/05/2014;8;7;21
18/05/2014;9;6;20
18/05/2014;10;7;17
19/05/2014;1;7;19
19/05/2014;2;8;16
19/05/2014;3;7;17
19/05/2014;4;8;19
19/05/2014;5;9;19
19/05/2014;6;5;19
19/05/2014;7;6;15
19/05/2014;8;4;20
19/05/2014;9;7;19
19/05/2014;10;6;17
20/05/2014;1;5;18
20/05/2014;2;6;18
20/05/2014;3;6;18
20/05/2014;4;6;19
20/05/2014;5;6;18
20/05/2014;6;5;14
20/05/2014;7;6;17
20/05/2014;8;6;17
20/05/2014;9;6;19
20/05/2014;10;5;19
21/05/2014;1;6;19
21/05/2014;2;6;18
21/05/2014;3;7;19
21/05/2014;4;5;17
21/05/2014;5;5;18
21/05/2014;6;8;16
21/05/2014;7;8;18
21/05/2014;8;7;16
21/05/2014;9;8;20
21/05/2014;10;5;19
22/05/2014;1;8;18
22/05/2014;2;7;20
22/05/2014;3;7;20
22/05/2014;4;7;20
22/05/2014;5;9;17
22/05/2014;6;7;18
22/05/2014;7;6;18
22/05/2014;8;6;19
22/05/2014;9;7;16
22/05/2014;10;7;17
23/05/2014;1;6;19
23/05/2014;2;6;17
23/05/2014;3;5;21
23/05/2014;4;6;18
23/05/2014;5;10;17
23/05/2014;6;8;21
23/05/2014;7;5;17
23/05/2014;8;7;19
23/05/2014;9;7;19
23/05/2014;10;6;15
24/05/2014;1;6;18
24/05/2014;2;5;16
24/05/2014;3;6;18
24/05/2014;4;8;18
24/05/2014;5;8;18
24/05/2014;6;6;18
24/05/2014;7;7;19
24/05/2014;8;6;16
24/05/2014;9;6;20
24/05/2014;10;5;20
25/05/2014;1;5;18
25/05/2014;2;6;19
25/05/2014;3;7;19
25/05/2014;4;6;17
25/05/2014;5;6;15
25/05/2014;6;8;20
25/05/2014;7;6;19
25/05/2014;8;6;21
25/05/2014;9;5;15
25/05/2014;10;5;19
26/05/2014;1;5;17
26/05/2014;2;7;21
26/05/2014;3;6;16
26/05/2014;4;6;18
26/05/2014;5;7;20
26/05/2014;6;6;19
26/05/2014;7;7;19
26/05/2014;8;6;19
26/05/2014;9;5;16
26/05/2014;10;6;18
27/05/2014;1;6;21
27/05/2014;2;5;17
27/05/2014;3;9;16
27/05/2014;4;8;18
27/05/2014;5;7;16
27/05/2014;6;7;19
27/05/2014;7;7;20
27/05/2014;8;6;18
27/05/2014;9;7;19
27/05/2014;10;6;14
28/05/2014;1;7;19
28/05/2014;2;9;14
28/05/2014;3;5;17
28/05/2014;4;7;15
28/05/2014;5;5;19
28/05/2014;6;6;19
28/05/2014;7;5;19
28/05/2014;8;6;19
28/05/2014;9;6;17
28/05/2014;10;4;16
29/05/2014;1;6;20
29/05/2014;2;6;18
29/05/2014;3;7;19
29/05/2014;4;7;19
29/05/2014;5;6;18
29/05/2014;6;6;16
29/05/2014;7;5;20
29/05/2014;8;6;18
29/05/2014;9;7;19
29/05/2014;10;6;18
30/05/2014;1;8;20
30/05/2014;2;7;19
30/05/2014;3;7;19
30/05/2014;4;5;19
30/05/2014;5;8;19
30/05/2014;6;5;20
30/05/2014;7;6;19
30/05/2014;8;6;17
30/05/2014;9;4;18
30/05/2014;10;8;19
31/05/2014;1;5;17
31/05/2014;2;5;17
31/05/2014;3;5;20
31/05/2014;4;5;19
31/05/2014;5;5;20
31/05/2014;6;8;18
31/05/2014;7;7;15
31/05/2014;8;5;19
31/05/2014;9;6;18
31/05/2014;10;6;19
01/06/2014;1;6;19
01/06/2014;2;6;18
01/06/2014;3;8;17
01/06/2014;4;6;18
01/06/2014;5;5;15
01/06/2014;6;6;16
01/06/2014;7;6;19
01/06/2014;8;6;19
01/06/2014;9;7;17
01/06/2014;10;6;16
02/06/2014;1;8;17
02/06/2014;2;7;17
02/06/2014;3;6;19
02/06/2014;4;7;19
02/06/2014;5;7;16
02/06/2014;6;5;18
02/06/2014;7;6;16
02/06/2014;8;7;18
02/06/2014;9;6;18
02/06/2014;10;6;15
03/06/2014;1;7;16
03/06/2014;2;8;17
03/06/2014;3;7;18
03/06/2014;4;7;20
03/06/2014;5;5;17
03/06/2014;6;6;17
03/06/2014;7;4;18
03/06/2014;8;6;19
03/06/2014;9;8;19
03/06/2014;10;7;16
04/06/2014;1;8;17
04/06/2014;2;7;17
04/06/2014;3;8;21
04/06/2014;4;7;22
04/06/2014;5;5;17
04/06/2014;6;7;15
04/06/2014;7;7;15
04/06/2014;8;4;20
04/06/2014;9;7;19
04/06/2014;10;7;15
05/06/2014;1;8;16
05/06/2014;2;6;18
05/06/2014;3;7;17
05/06/2014;4;8;17
05/06/2014;5;7;18
05/06/2014;6;8;18
05/06/2014;7;7;20
05/06/2014;8;5;18
05/06/2014;9;6;19
05/06/2014;10;5;15
06/06/2014;1;7;16
06/06/2014;2;6;19
06/06/2014;3;6;17
06/06/2014;4;7;18
06/06/2014;5;6;19
06/06/2014;6;6;18
06/06/2014;7;6;16
06/06/2014;8;6;18
06/06/2014;9;6;17
06/06/2014;10;7;17
07/06/2014;1;7;18
07/06/2014;2;9;16
07/06/2014;3;6;20
07/06/2014;4;7;16
07/06/2014;5;8;20
07/06/2014;6;7;18
07/06/2014;7;4;18
07/06/2014;8;6;17
07/06/2014;9;6;15
07/06/2014;10;6;17
08/06/2014;1;7;18
08/06/2014;2;9;16
08/06/2014;3;6;19
08/06/2014;4;7;16
08/06/2014;5;7;19
08/06/2014;6;5;18
08/06/2014;7;6;16
08/06/2014;8;7;16
08/06/2014;9;7;18
08/06/2014;10;8;21
09/06/2014;1;6;17
09/06/2014;2;7;18
09/06/2014;3;5;18
09/06/2014;4;7;18
09/06/2014;5;4;19
09/06/2014;6;5;19
09/06/2014;7;7;18
09/06/2014;8;7;21
09/06/2014;9;7;18
09/06/2014;10;8;18
10/06/2014;1;7;18
10/06/2014;2;8;18
10/06/2014;3;7;18
10/06/2014;4;6;18
10/06/2014;5;7;17
10/06/2014;6;7;18
10/06/2014;7;6;21
10/06/2014;8;9;19
10/06/2014;9;7;21
10/06/2014;10;6;17
11/06/2014;1;5;21
11/06/2014;2;5;19
11/06/2014;3;4;16
11/06/2014;4;8;15
11/06/2014;5;5;19
11/06/2014;6;6;19
11/06/2014;7;5;20
11/06/2014;8;6;17
11/06/2014;9;7;20
11/06/2014;10;7;17
12/06/2014;1;7;20
12/06/2014;2;6;19
12/06/2014;3;7;18
12/06/2014;4;6;18
12/06/2014;5;5;18
12/06/2014;6;6;19
12/06/2014;7;7;19
12/06/2014;8;8;17
12/06/2014;9;7;14
12/06/2014;10;5;19
13/06/2014;1;7;21
13/06/2014;2;9;18
13/06/2014;3;6;19
13/06/2014;4;7;17
13/06/2014;5;7;17
13/06/2014;6;6;19
13/06/2014;7;7;17
13/06/2014;8;7;17
13/06/2014;9;6;16
13/06/2014;10;6;18
14/06/2014;1;7;19
14/06/2014;2;5;18
14/06/2014;3;6;19
14/06/2014;4;7;20
14/06/2014;5;7;20
14/06/2014;6;6;18
14/06/2014;7;5;20
14/06/2014;8;6;18
14/06/2014;9;8;20
14/06/2014;10;8;18
15/06/2014;1;6;17
15/06/2014;2;7;14
15/06/2014;3;8;17
15/06/2014;4;6;17
15/06/2014;5;5;19
15/06/2014;6;8;18
15/06/2014;7;7;16
15/06/2014;8;8;20
15/06/2014;9;5;17
15/06/2014;10;7;20
16/06/2014;1;8;18
16/06/2014;2;6;22
16/06/2014;3;7;18
16/06/2014;4;8;19
16/06/2014;5;8;17
16/06/2014;6;7;18
16/06/2014;7;7;18
16/06/2014;8;5;20
16/06/2014;9;6;18
16/06/2014;10;7;20
17/06/2014;1;5;17
17/06/2014;2;7;16
17/06/2014;3;7;18
17/06/2014;4;8;18
17/06/2014;5;7;19
17/06/2014;6;6;18
17/06/2014;7;7;20
17/06/2014;8;7;16
17/06/2014;9;7;18
17/06/2014;10;8;19
18/06/2014;1;6;17
18/06/2014;2;5;17
18/06/2014;3;6;17
18/06/2014;4;6;18
18/06/2014;5;7;15
18/06/2014;6;7;17
18/06/2014;7;7;18
18/06/2014;8;8;17
18/06/2014;9;7;21
18/06/2014;10;6;18
19/06/2014;1;6;17
19/06/2014;2;7;18
19/06/2014;3;5;19
19/06/2014;4;6;16
19/06/2014;5;5;17
19/06/2014;6;6;20
19/06/2014;7;7;17
19/06/2014;8;7;20
19/06/2014;9;6;18
19/06/2014;10;7;18
20/06/2014;1;7;17
20/06/2014;2;8;15
20/06/2014;3;8;17
20/06/2014;4;7;20
20/06/2014;5;6;17
20/06/2014;6;6;18
20/06/2014;7;4;17
20/06/2014;8;6;18
20/06/2014;9;6;22
20/06/2014;10;7;18
21/06/2014;1;9;18
21/06/2014;2;7;19
21/06/2014;3;9;19
21/06/2014;4;7;16
21/06/2014;5;6;19
21/06/2014;6;6;17
21/06/2014;7;7;18
21/06/2014;8;8;19
21/06/2014;9;7;18
21/06/2014;10;6;19
22/06/2014;1;8;21
22/06/2014;2;6;19
22/06/2014;3;6;19
22/06/2014;4;6;20
22/06/2014;5;6;19
22/06/2014;6;7;15
22/06/2014;7;6;17
22/06/2014;8;5;16
22/06/2014;9;6;19
22/06/2014;10;6;17
23/06/2014;1;8;19
23/06/2014;2;7;18
23/06/2014;3;8;17
23/06/2014;4;4;19
23/06/2014;5;4;13
23/06/2014;6;5;17
23/06/2014;7;6;17
23/06/2014;8;7;19
23/06/2014;9;6;15
23/06/2014;10;7;18
24/06/2014;1;5;18
24/06/2014;2;5;17
24/06/2014;3;6;18
24/06/2014;4;8;17
24/06/2014;5;5;20
24/06/2014;6;7;18
24/06/2014;7;6;19
24/06/2014;8;6;18
24/06/2014;9;6;16
24/06/2014;10;7;19
25/06/2014;1;8;18
25/06/2014;2;7;20
25/06/2014;3;6;19
25/06/2014;4;5;15
25/06/2014;5;8;17
25/06/2014;6;6;19
25/06/2014;7;7;16
25/06/2014;8;6;15
25/06/2014;9;6;16
25/06/2014;10;6;19
26/06/2014;1;8;19
26/06/2014;2;7;18
26/06/2014;3;7;14
26/06/2014;4;7;17
26/06/2014;5;6;19
26/06/2014;6;6;19
26/06/2014;7;7;18
26/06/2014;8;6;19
26/06/2014;9;7;18
26/06/2014;10;8;18
27/06/2014;1;6;19
27/06/2014;2;7;20
27/06/2014;3;7;18
27/06/2014;4;7;14
27/06/2014;5;9;15
27/06/2014;6;9;17
27/06/2014;7;5;15
27/06/2014;8;6;17
27/06/2014;9;7;18
27/06/2014;10;7;20
28/06/2014;1;6;19
28/06/2014;2;8;18
28/06/2014;3;6;19
28/06/2014;4;7;16
28/06/2014;5;7;17
28/06/2014;6;6;17
28/06/2014;7;7;18
28/06/2014;8;7;17
28/06/2014;9;5;20
28/06/2014;10;7;18
29/06/2014;1;6;17
29/06/2014;2;7;19
29/06/2014;3;7;19
29/06/2014;4;6;17
29/06/2014;5;6;20
29/06/2014;6;4;20
29/06/2014;7;7;17
29/06/2014;8;7;16
29/06/2014;9;7;18
29/06/2014;10;6;15
30/06/2014;1;6;19
30/06/2014;2;7;18
30/06/2014;3;5;18
30/06/2014;4;7;19
30/06/2014;5;5;15
30/06/2014;6;7;18
30/06/2014;7;7;20
30/06/2014;8;5;18
30/06/2014;9;7;19
30/06/2014;10;4;21
01/07/2014;1;6;20
01/07/2014;2;9;20
01/07/2014;3;6;17
01/07/2014;4;6;19
01/07/2014;5;8;18
01/07/2014;6;7;18
01/07/2014;7;7;16
01/07/2014;8;5;20
01/07/2014;9;7;19
01/07/2014;10;7;16
02/07/2014;1;9;15
02/07/2014;2;6;17
02/07/2014;3;6;18
02/07/2014;4;6;17
02/07/2014;5;6;19
02/07/2014;6;6;18
02/07/2014;7;6;17
02/07/2014;8;7;17
02/07/2014;9;6;19
02/07/2014;10;7;20
03/07/2014;1;5;19
03/07/2014;2;6;17
03/07/2014;3;6;19
03/07/2014;4;7;18
03/07/2014;5;7;17
03/07/2014;6;7;20
03/07/2014;7;7;21
03/07/2014;8;5;20
03/07/2014;9;7;19
03/07/2014;10;7;17
04/07/2014;1;5;17
04/07/2014;2;6;17
04/07/2014;3;6;21
04/07/2014;4;5;20
04/07/2014;5;6;20
04/07/2014;6;6;17
04/07/2014;7;6;17
04/07/2014;8;6;18
04/07/2014;9;6;18
04/07/2014;10;5;19
05/07/2014;1;5;21
05/07/2014;2;7;17
05/07/2014;3;6;20
05/07/2014;4;6;18
05/07/2014;5;6;18
05/07/2014;6;8;18
05/07/2014;7;6;19
05/07/2014;8;5;17
05/07/2014;9;6;17
05/07/2014;10;5;19
06/07/2014;1;7;17
06/07/2014;2;8;19
06/07/2014;3;6;18
06/07/2014;4;6;18
06/07/2014;5;6;17
06/07/2014;6;6;16
06/07/2014;7;5;18
06/07/2014;8;8;16
06/07/2014;9;5;17
06/07/2014;10;5;17
07/07/2014;1;6;19
07/07/2014;2;8;18
07/07/2014;3;7;18
07/07/2014;4;7;15
07/07/2014;5;7;19
07/07/2014;6;5;18
07/07/2014;7;6;22
07/07/2014;8;6;22
07/07/2014;9;6;19
07/07/2014;10;6;18
08/07/2014;1;9;18
08/07/2014;2;6;19
08/07/2014;3;6;17
08/07/2014;4;6;19
08/07/2014;5;6;19
08/07/2014;6;7;17
08/07/2014;7;5;20
08/07/2014;8;7;18
08/07/2014;9;7;16
08/07/2014;10;5;18
09/07/2014;1;6;17
09/07/2014;2;7;19
09/07/2014;3;6;20
09/07/2014;4;8;16
09/07/2014;5;8;18
09/07/2014;6;7;16
09/07/2014;7;8;19
09/07/2014;8;6;15
09/07/2014;9;5;17
09/07/2014;10;8;19
10/07/2014;1;7;19
10/07/2014;2;5;18
10/07/2014;3;7;19
10/07/2014;4;7;18
10/07/2014;5;6;17
10/07/2014;6;5;17
10/07/2014;7;6;16
10/07/2014;8;6;20
10/07/2014;9;8;18
10/07/2014;10;7;19
11/07/2014;1;6;16
11/07/2014;2;6;18
11/07/2014;3;6;16
11/07/2014;4;4;18
11/07/2014;5;8;16
11/07/2014;6;5;20
11/07/2014;7;6;18
11/07/2014;8;6;18
11/07/2014;9;8;18
11/07/2014;10;6;18
12/07/2014;1;8;18
12/07/2014;2;5;18
12/07/2014;3;5;20
12/07/2014;4;7;18
12/07/2014;5;7;19
12/07/2014;6;6;16
12/07/2014;7;5;18
12/07/2014;8;6;18
12/07/2014;9;5;17
12/07/2014;10;5;17
13/07/2014;1;6;20
13/07/2014;2;7;20
13/07/2014;3;6;15
13/07/2014;4;7;18
13/07/2014;5;7;15
13/07/2014;6;7;21
13/07/2014;7;5;18
13/07/2014;8;3;17
13/07/2014;9;8;17
13/07/2014;10;6;16
14/07/2014;1;9;16
14/07/2014;2;7;19
14/07/2014;3;7;21
14/07/2014;4;7;18
14/07/2014;5;7;20
14/07/2014;6;6;17
14/07/2014;7;9;15
14/07/2014;8;5;16
14/07/2014;9;5;19
14/07/2014;10;7;18
15/07/2014;1;7;19
15/07/2014;2;8;18
15/07/2014;3;7;14
15/07/2014;4;7;18
15/07/2014;5;6;15
15/07/2014;6;7;17
15/07/2014;7;9;19
15/07/2014;8;6;18
15/07/2014;9;8;20
15/07/2014;10;7;19
16/07/2014;1;8;18
16/07/2014;2;7;17
16/07/2014;3;7;17
16/07/2014;4;8;19
16/07/2014;5;9;17
16/07/2014;6;6;18
16/07/2014;7;8;17
16/07/2014;8;6;17
16/07/2014;9;7;19
16/07/2014;10;6;20
17/07/2014;1;7;16
17/07/2014;2;8;17
17/07/2014;3;8;17
17/07/2014;4;8;18
17/07/2014;5;4;17
17/07/2014;6;7;18
17/07/2014;7;7;21
17/07/2014;8;7;19
17/07/2014;9;7;17
17/07/2014;10;6;19
18/07/2014;1;8;17
18/07/2014;2;7;19
18/07/2014;3;7;18
18/07/2014;4;6;17
18/07/2014;5;5;19
18/07/2014;6;6;19
18/07/2014;7;6;16
18/07/2014;8;9;17
18/07/2014;9;6;18
18/07/2014;10;5;19
19/07/2014;1;6;19
19/07/2014;2;6;18
19/07/2014;3;8;18
19/07/2014;4;6;18
19/07/2014;5;7;18
19/07/2014;6;9;18
19/07/2014;7;8;18
19/07/2014;8;7;19
19/07/2014;9;5;18
19/07/2014;10;6;16
20/07/2014;1;7;18
20/07/2014;2;8;21
20/07/2014;3;7;17
20/07/2014;4;5;19
20/07/2014;5;6;18
20/07/2014;6;6;19
20/07/2014;7;7;15
20/07/2014;8;8;16
20/07/2014;9;8;18
20/07/2014;10;7;21
21/07/2014;1;6;18
21/07/2014;2;5;16
21/07/2014;3;6;18
21/07/2014;4;5;18
21/07/2014;5;7;20
21/07/2014;6;7;19
21/07/2014;7;5;17
21/07/2014;8;6;19
21/07/2014;9;6;17
21/07/2014;10;7;19
22/07/2014;1;7;17
22/07/2014;2;8;17
22/07/2014;3;3;15
22/07/2014;4;6;19
22/07/2014;5;7;19
22/07/2014;6;4;20
22/07/2014;7;7;19
22/07/2014;8;7;20
22/07/2014;9;8;19
22/07/2014;10;7;18
23/07/2014;1;7;16
23/07/2014;2;6;20
23/07/2014;3;6;20
23/07/2014;4;7;17
23/07/2014;5;7;17
23/07/2014;6;6;18
23/07/2014;7;7;15
23/07/2014;8;7;17
23/07/2014;9;6;18
23/07/2014;10;7;18
24/07/2014;1;8;16
24/07/2014;2;6;16
24/07/2014;3;6;21
24/07/2014;4;5;19
24/07/2014;5;6;20
24/07/2014;6;6;19
24/07/2014;7;7;19
24/07/2014;8;7;17
24/07/2014;9;7;17
24/07/2014;10;8;19
25/07/2014;1;6;17
25/07/2014;2;7;18
25/07/2014;3;7;18
25/07/2014;4;5;20
25/07/2014;5;5;15
25/07/2014;6;7;17
25/07/2014;7;7;19
25/07/2014;8;8;15
25/07/2014;9;6;15
25/07/2014;10;6;19
26/07/2014;1;7;18
26/07/2014;2;6;17
26/07/2014;3;6;17
26/07/2014;4;7;16
26/07/2014;5;5;16
26/07/2014;6;7;17
26/07/2014;7;4;18
26/07/2014;8;6;16
26/07/2014;9;6;18
26/07/2014;10;3;19
27/07/2014;1;7;20
27/07/2014;2;6;19
27/07/2014;3;6;18
27/07/2014;4;8;20
27/07/2014;5;7;18
27/07/2014;6;7;18
27/07/2014;7;7;19
27/07/2014;8;8;19
27/07/2014;9;7;18
27/07/2014;10;6;17
28/07/2014;1;7;16
28/07/2014;2;6;18
28/07/2014;3;9;21
28/07/2014;4;7;18
28/07/2014;5;5;19
28/07/2014;6;6;18
28/07/2014;7;6;15
28/07/2014;8;6;19
28/07/2014;9;6;18
28/07/2014;10;7;19
29/07/2014;1;6;17
29/07/2014;2;7;17
29/07/2014;3;5;17
29/07/2014;4;6;18
29/07/2014;5;6;18
29/07/2014;6;7;19
29/07/2014;7;9;20
29/07/2014;8;6;15
29/07/2014;9;7;19
29/07/2014;10;6;15
30/07/2014;1;5;18
30/07/2014;2;7;18
30/07/2014;3;8;18
30/07/2014;4;6;18
30/07/2014;5;5;19
30/07/2014;6;7;17
30/07/2014;7;5;19
30/07/2014;8;7;18
30/07/2014;9;5;18
30/07/2014;10;7;16
31/07/2014;1;8;18
31/07/2014;2;7;19
31/07/2014;3;6;15
31/07/2014;4;6;20
31/07/2014;5;7;19
31/07/2014;6;6;18
31/07/2014;7;6;17
31/07/2014;8;6;17
31/07/2014;9;5;16
31/07/2014;10;7;15
01/08/2014;1;6;21
01/08/2014;2;6;19
01/08/2014;3;7;20
01/08/2014;4;8;17
01/08/2014;5;6;20
01/08/2014;6;6;17
01/08/2014;7;7;18
01/08/2014;8;8;18
01/08/2014;9;6;20
01/08/2014;10;6;19
02/08/2014;1;6;18
02/08/2014;2;7;18
02/08/2014;3;7;15
02/08/2014;4;9;19
02/08/2014;5;9;18
02/08/2014;6;5;16
02/08/2014;7;7;20
02/08/2014;8;6;21
02/08/2014;9;6;18
02/08/2014;10;7;20
03/08/2014;1;5;20
03/08/2014;2;7;21
03/08/2014;3;5;18
03/08/2014;4;6;19
03/08/2014;5;6;20
03/08/2014;6;6;19
03/08/2014;7;5;16
03/08/2014;8;7;18
03/08/2014;9;6;18
03/08/2014;10;7;16
04/08/2014;1;8;15
04/08/2014;2;8;21
04/08/2014;3;7;20
04/08/2014;4;8;16
04/08/2014;5;7;16
04/08/2014;6;4;18
04/08/2014;7;7;17
04/08/2014;8;8;16
04/08/2014;9;8;18
04/08/2014;10;7;18
05/08/2014;1;5;20
05/08/2014;2;8;18
05/08/2014;3;7;20
05/08/2014;4;8;18
05/08/2014;5;7;18
05/08/2014;6;7;15
05/08/2014;7;7;17
05/08/2014;8;7;20
05/08/2014;9;5;17
05/08/2014;10;6;18
06/08/2014;1;6;17
06/08/2014;2;6;18
06/08/2014;3;7;17
06/08/2014;4;7;18
06/08/2014;5;6;16
06/08/2014;6;6;18
06/08/2014;7;7;19
06/08/2014;8;5;17
06/08/2014;9;7;18
06/08/2014;10;6;18
07/08/2014;1;7;19
07/08/2014;2;6;19
07/08/2014;3;6;18
07/08/2014;4;8;16
07/08/2014;5;6;18
07/08/2014;6;8;15
07/08/2014;7;5;17
07/08/2014;8;6;18
07/08/2014;9;4;18
07/08/2014;10;6;19
08/08/2014;1;7;19
08/08/2014;2;7;19
08/08/2014;3;6;19
08/08/2014;4;8;18
08/08/2014;5;6;19
08/08/2014;6;7;19
08/08/2014;7;5;18
08/08/2014;8;6;21
08/08/2014;9;5;17
08/08/2014;10;5;19
09/08/2014;1;6;16
09/08/2014;2;6;19
09/08/2014;3;7;16
09/08/2014;4;6;16
09/08/2014;5;6;20
09/08/2014;6;6;17
09/08/2014;7;7;17
09/08/2014;8;7;20
09/08/2014;9;5;17
09/08/2014;10;7;19
10/08/2014;1;6;19
10/08/2014;2;6;18
10/08/2014;3;6;16
10/08/2014;4;7;21
10/08/2014;5;5;21
10/08/2014;6;6;18
10/08/2014;7;5;15
10/08/2014;8;7;17
10/08/2014;9;5;16
10/08/2014;10;8;18
11/08/2014;1;8;20
11/08/2014;2;8;15
11/08/2014;3;6;18
11/08/2014;4;4;19
11/08/2014;5;7;18
11/08/2014;6;6;17
11/08/2014;7;7;19
11/08/2014;8;5;19
11/08/2014;9;7;20
11/08/2014;10;5;17
12/08/2014;1;7;19
12/08/2014;2;7;20
12/08/2014;3;9;18
12/08/2014;4;7;17
12/08/2014;5;7;20
12/08/2014;6;7;22
12/08/2014;7;6;17
12/08/2014;8;5;24
12/08/2014;9;8;18
12/08/2014;10;7;19
13/08/2014;1;8;17
13/08/2014;2;7;15
13/08/2014;3;4;18
13/08/2014;4;6;22
13/08/2014;5;8;16
13/08/2014;6;8;21
13/08/2014;7;6;18
13/08/2014;8;7;16
13/08/2014;9;7;18
13/08/2014;10;8;14
14/08/2014;1;8;17
14/08/2014;2;5;16
14/08/2014;3;6;17
14/08/2014;4;7;17
14/08/2014;5;8;21
14/08/2014;6;6;21
14/08/2014;7;6;17
14/08/2014;8;6;18
14/08/2014;9;7;16
14/08/2014;10;9;20
15/08/2014;1;6;17
15/08/2014;2;8;17
15/08/2014;3;7;17
15/08/2014;4;6;17
15/08/2014;5;6;20
15/08/2014;6;6;19
15/08/2014;7;9;20
15/08/2014;8;6;13
15/08/2014;9;8;19
15/08/2014;10;8;18
16/08/2014;1;6;18
16/08/2014;2;8;19
16/08/2014;3;8;19
16/08/2014;4;7;20
16/08/2014;5;8;17
16/08/2014;6;5;21
16/08/2014;7;6;19
16/08/2014;8;6;20
16/08/2014;9;7;17
16/08/2014;10;7;19
17/08/2014;1;7;15
17/08/2014;2;7;20
17/08/2014;3;7;17
17/08/2014;4;7;16
17/08/2014;5;6;17
17/08/2014;6;7;18
17/08/2014;7;6;18
17/08/2014;8;6;19
17/08/2014;9;7;18
17/08/2014;10;4;18
18/08/2014;1;6;16
18/08/2014;2;9;18
18/08/2014;3;7;18
18/08/2014;4;5;17
18/08/2014;5;9;18
18/08/2014;6;7;18
18/08/2014;7;5;17
18/08/2014;8;7;20
18/08/2014;9;7;17
18/08/2014;10;7;18
19/08/2014;1;6;19
19/08/2014;2;6;21
19/08/2014;3;6;21
19/08/2014;4;5;19
19/08/2014;5;7;17
19/08/2014;6;7;21
19/08/2014;7;4;17
19/08/2014;8;6;18
19/08/2014;9;8;20
19/08/2014;10;7;18
20/08/2014;1;7;19
20/08/2014;2;7;17
20/08/2014;3;7;18
20/08/2014;4;6;15
20/08/2014;5;6;19
20/08/2014;6;7;20
20/08/2014;7;7;18
20/08/2014;8;7;19
20/08/2014;9;7;18
20/08/2014;10;6;19
21/08/2014;1;7;19
21/08/2014;2;5;20
21/08/2014;3;7;19
21/08/2014;4;7;17
21/08/2014;5;6;16
21/08/2014;6;8;19
21/08/2014;7;5;18
21/08/2014;8;5;20
21/08/2014;9;6;21
21/08/2014;10;6;19
22/08/2014;1;6;18
22/08/2014;2;6;19
22/08/2014;3;7;17
22/08/2014;4;8;18
22/08/2014;5;6;18
22/08/2014;6;6;17
22/08/2014;7;6;20
22/08/2014;8;7;16
22/08/2014;9;7;20
22/08/2014;10;6;18
23/08/2014;1;8;19
23/08/2014;2;6;19
23/08/2014;3;7;18
23/08/2014;4;7;19
23/08/2014;5;6;20
23/08/2014;6;7;17
23/08/2014;7;8;15
23/08/2014;8;7;17
23/08/2014;9;6;18
23/08/2014;10;6;21
24/08/2014;1;6;18
24/08/2014;2;7;18
24/08/2014;3;8;18
24/08/2014;4;6;18
24/08/2014;5;7;17
24/08/2014;6;6;17
24/08/2014;7;7;19
24/08/2014;8;4;19
24/08/2014;9;7;19
24/08/2014;10;8;18
25/08/2014;1;5;20
25/08/2014;2;7;17
25/08/2014;3;5;16
25/08/2014;4;6;16
25/08/2014;5;7;21
25/08/2014;6;6;22
25/08/2014;7;5;16
25/08/2014;8;8;17
25/08/2014;9;6;19
25/08/2014;10;7;17
26/08/2014;1;6;20
26/08/2014;2;7;19
26/08/2014;3;5;15
26/08/2014;4;7;19
26/08/2014;5;7;18
26/08/2014;6;5;18
26/08/2014;7;4;15
26/08/2014;8;6;19
26/08/2014;9;6;20
26/08/2014;10;7;17
27/08/2014;1;7;17
27/08/2014;2;8;21
27/08/2014;3;6;18
27/08/2014;4;6;18
27/08/2014;5;6;18
27/08/2014;6;6;18
27/08/2014;7;6;18
27/08/2014;8;6;17
27/08/2014;9;6;18
27/08/2014;10;8;18
28/08/2014;1;7;21
28/08/2014;2;6;18
28/08/2014;3;6;17
28/08/2014;4;7;19
28/08/2014;5;4;18
28/08/2014;6;6;20
28/08/2014;7;6;22
28/08/2014;8;8;17
28/08/2014;9;8;17
28/08/2014;10;6;20
29/08/2014;1;6;18
29/08/2014;2;7;19
29/08/2014;3;7;17
29/08/2014;4;8;19
29/08/2014;5;5;16
29/08/2014;6;5;19
29/08/2014;7;5;18
29/08/2014;8;6;17
29/08/2014;9;8;20
29/08/2014;10;7;18
30/08/2014;1;4;20
30/08/2014;2;7;17
30/08/2014;3;6;17
30/08/2014;4;7;21
30/08/2014;5;6;18
30/08/2014;6;6;20
30/08/2014;7;4;17
30/08/2014;8;7;18
30/08/2014;9;6;21
30/08/2014;10;9;20
31/08/2014;1;5;19
31/08/2014;2;6;19
31/08/2014;3;6;16
31/08/2014;4;6;19
31/08/2014;5;8;19
31/08/2014;6;6;15
31/08/2014;7;7;16
31/08/2014;8;6;17
31/08/2014;9;6;15
31/08/2014;10;7;18
01/09/2014;1;7;20
01/09/2014;2;6;16
01/09/2014;3;6;17
01/09/2014;4;7;17
01/09/2014;5;8;18
01/09/2014;6;6;18
01/09/2014;7;8;18
01/09/2014;8;6;19
01/09/2014;9;7;18
01/09/2014;10;8;16
02/09/2014;1;8;19
02/09/2014;2;7;19
02/09/2014;3;6;19
02/09/2014;4;7;19
02/09/2014;5;8;16
02/09/2014;6;5;16
02/09/2014;7;6;16
02/09/2014;8;6;18
02/09/2014;9;6;17
02/09/2014;10;6;17
03/09/2014;1;4;17
03/09/2014;2;8;19
03/09/2014;3;6;16
03/09/2014;4;6;15
03/09/2014;5;7;19
03/09/2014;6;7;17
03/09/2014;7;6;19
03/09/2014;8;8;19
03/09/2014;9;7;17
03/09/2014;10;7;17
04/09/2014;1;7;20
04/09/2014;2;7;18
04/09/2014;3;6;18
04/09/2014;4;7;17
04/09/2014;5;7;20
04/09/2014;6;7;16
04/09/2014;7;7;20
04/09/2014;8;7;20
04/09/2014;9;6;16
04/09/2014;10;7;16
05/09/2014;1;8;17
05/09/2014;2;8;20
05/09/2014;3;5;20
05/09/2014;4;6;18
05/09/2014;5;7;19
05/09/2014;6;5;17
05/09/2014;7;6;16
05/09/2014;8;6;17
05/09/2014;9;7;19
05/09/2014;10;6;20
06/09/2014;1;6;18
06/09/2014;2;8;17
06/09/2014;3;6;22
06/09/2014;4;6;19
06/09/2014;5;6;19
06/09/2014;6;7;18
06/09/2014;7;6;17
06/09/2014;8;7;19
06/09/2014;9;6;20
06/09/2014;10;7;18
07/09/2014;1;7;17
07/09/2014;2;5;18
07/09/2014;3;5;18
07/09/2014;4;7;16
07/09/2014;5;7;20
07/09/2014;6;6;16
07/09/2014;7;8;22
07/09/2014;8;6;18
07/09/2014;9;5;20
07/09/2014;10;7;19
08/09/2014;1;6;19
08/09/2014;2;7;18
08/09/2014;3;6;17
08/09/2014;4;7;17
08/09/2014;5;7;18
08/09/2014;6;6;17
08/09/2014;7;6;17
08/09/2014;8;6;18
08/09/2014;9;6;16
08/09/2014;10;6;20
09/09/2014;1;7;18
09/09/2014;2;7;15
09/09/2014;3;6;19
09/09/2014;4;6;20
09/09/2014;5;4;19
09/09/2014;6;6;19
09/09/2014;7;6;17
09/09/2014;8;5;15
09/09/2014;9;6;19
09/09/2014;10;8;16
10/09/2014;1;6;18
10/09/2014;2;5;17
10/09/2014;3;8;20
10/09/2014;4;8;16
10/09/2014;5;6;17
10/09/2014;6;6;18
10/09/2014;7;6;18
10/09/2014;8;7;17
10/09/2014;9;8;19
10/09/2014;10;8;18
11/09/2014;1;7;17
11/09/2014;2;6;17
11/09/2014;3;7;17
11/09/2014;4;6;21
11/09/2014;5;7;18
11/09/2014;6;5;19
11/09/2014;7;6;19
11/09/2014;8;7;17
11/09/2014;9;7;16
11/09/2014;10;8;18
12/09/2014;1;6;15
12/09/2014;2;6;18
12/09/2014;3;9;18
12/09/2014;4;7;17
12/09/2014;5;8;18
12/09/2014;6;7;20
12/09/2014;7;7;17
12/09/2014;8;6;18
12/09/2014;9;6;19
12/09/2014;10;6;20
13/09/2014;1;8;15
13/09/2014;2;8;18
13/09/2014;3;8;15
13/09/2014;4;6;18
13/09/2014;5;5;19
13/09/2014;6;8;18
13/09/2014;7;9;17
13/09/2014;8;7;18
13/09/2014;9;6;17
13/09/2014;10;7;16
14/09/2014;1;6;19
14/09/2014;2;7;16
14/09/2014;3;6;18
14/09/2014;4;7;19
14/09/2014;5;5;21
14/09/2014;6;4;19
14/09/2014;7;8;16
14/09/2014;8;7;20
14/09/2014;9;7;19
14/09/2014;10;6;16
15/09/2014;1;9;16
15/09/2014;2;6;15
15/09/2014;3;6;16
15/09/2014;4;5;18
15/09/2014;5;5;18
15/09/2014;6;7;17
15/09/2014;7;7;17
15/09/2014;8;5;17
15/09/2014;9;7;16
15/09/2014;10;5;18
16/09/2014;1;7;17
16/09/2014;2;6;18
16/09/2014;3;7;17
16/09/2014;4;7;18
16/09/2014;5;8;18
16/09/2014;6;7;20
16/09/2014;7;6;16
16/09/2014;8;7;21
16/09/2014;9;6;20
16/09/2014;10;7;18
17/09/2014;1;8;18
17/09/2014;2;5;19
17/09/2014;3;7;21
17/09/2014;4;6;19
17/09/2014;5;7;18
17/09/2014;6;8;19
17/09/2014;7;5;21
17/09/2014;8;8;18
17/09/2014;9;6;20
17/09/2014;10;6;16
18/09/2014;1;9;17
18/09/2014;2;7;17
18/09/2014;3;7;17
18/09/2014;4;5;21
18/09/2014;5;6;17
18/09/2014;6;7;20
18/09/2014;7;5;17
18/09/2014;8;7;19
18/09/2014;9;6;14
18/09/2014;10;8;17
19/09/2014;1;7;20
19/09/2014;2;6;22
19/09/2014;3;6;18
19/09/2014;4;5;17
19/09/2014;5;6;19
19/09/2014;6;5;16
19/09/2014;7;5;16
19/09/2014;8;6;19
19/09/2014;9;6;19
19/09/2014;10;8;17
20/09/2014;1;9;16
20/09/2014;2;5;21
20/09/2014;3;9;18
20/09/2014;4;5;19
20/09/2014;5;6;18
20/09/2014;6;5;20
20/09/2014;7;8;20
20/09/2014;8;4;18
20/09/2014;9;8;18
20/09/2014;10;5;16
21/09/2014;1;6;17
21/09/2014;2;8;21
21/09/2014;3;6;20
21/09/2014;4;7;19
21/09/2014;5;6;17
21/09/2014;6;6;16
21/09/2014;7;7;17
21/09/2014;8;7;20
21/09/2014;9;7;20
21/09/2014;10;7;16
22/09/2014;1;5;19
22/09/2014;2;6;17
22/09/2014;3;5;20
22/09/2014;4;5;20
22/09/2014;5;7;17
22/09/2014;6;6;17
22/09/2014;7;7;18
22/09/2014;8;6;15
22/09/2014;9;6;18
22/09/2014;10;6;17
23/09/2014;1;6;20
23/09/2014;2;6;17
23/09/2014;3;6;16
23/09/2014;4;7;18
23/09/2014;5;8;18
23/09/2014;6;5;19
23/09/2014;7;6;18
23/09/2014;8;8;19
23/09/2014;9;6;19
23/09/2014;10;5;17
24/09/2014;1;7;17
24/09/2014;2;6;20
24/09/2014;3;9;17
24/09/2014;4;7;16
24/09/2014;5;6;17
24/09/2014;6;7;15
24/09/2014;7;6;17
24/09/2014;8;6;18
24/09/2014;9;5;20
24/09/2014;10;6;17
25/09/2014;1;7;17
25/09/2014;2;8;21
25/09/2014;3;6;20
25/09/2014;4;7;20
25/09/2014;5;7;19
25/09/2014;6;7;16
25/09/2014;7;6;17
25/09/2014;8;8;19
25/09/2014;9;5;16
25/09/2014;10;7;20
26/09/2014;1;6;16
26/09/2014;2;6;18
26/09/2014;3;7;19
26/09/2014;4;6;18
26/09/2014;5;8;19
26/09/2014;6;8;18
26/09/2014;7;7;18
26/09/2014;8;6;20
26/09/2014;9;8;22
26/09/2014;10;7;17
27/09/2014;1;7;19
27/09/2014;2;8;15
27/09/2014;3;7;18
27/09/2014;4;7;18
27/09/2014;5;8;17
27/09/2014;6;8;17
27/09/2014;7;5;19
27/09/2014;8;7;17
27/09/2014;9;6;19
27/09/2014;10;7;17
28/09/2014;1;6;19
28/09/2014;2;7;18
28/09/2014;3;8;19
28/09/2014;4;6;18
28/09/2014;5;8;17
28/09/2014;6;5;20
28/09/2014;7;7;16
28/09/2014;8;8;19
28/09/2014;9;6;19
28/09/2014;10;7;18
29/09/2014;1;8;16
29/09/2014;2;7;16
29/09/2014;3;7;19
29/09/2014;4;8;17
29/09/2014;5;5;20
29/09/2014;6;6;17
29/09/2014;7;7;17
29/09/2014;8;7;19
29/09/2014;9;6;20
29/09/2014;10;6;19
30/09/2014;1;8;20
30/09/2014;2;6;19
30/09/2014;3;6;17
30/09/2014;4;6;18
30/09/2014;5;5;19
30/09/2014;6;8;18
30/09/2014;7;7;19
30/09/2014;8;7;18
30/09/2014;9;6;20
30/09/2014;10;6;16
01/10/2014;1;6;15
01/10/2014;2;5;21
01/10/2014;3;7;18
01/10/2014;4;6;14
01/10/2014;5;6;19
01/10/2014;6;7;20
01/10/2014;7;7;18
01/10/2014;8;7;17
01/10/2014;9;8;19
01/10/2014;10;5;17
02/10/2014;1;10;18
02/10/2014;2;6;16
02/10/2014;3;7;16
02/10/2014;4;7;18
02/10/2014;5;7;19
02/10/2014;6;6;17
02/10/2014;7;7;18
02/10/2014;8;8;20
02/10/2014;9;7;18
02/10/2014;10;5;18
03/10/2014;1;5;22
03/10/2014;2;8;18
03/10/2014;3;5;19
03/10/2014;4;5;16
03/10/2014;5;7;19
03/10/2014;6;5;14
03/10/2014;7;7;18
03/10/2014;8;6;16
03/10/2014;9;5;18
03/10/2014;10;7;19
04/10/2014;1;6;17
04/10/2014;2;6;16
04/10/2014;3;5;20
04/10/2014;4;6;18
04/10/2014;5;6;16
04/10/2014;6;6;16
04/10/2014;7;8;18
04/10/2014;8;7;18
04/10/2014;9;6;16
04/10/2014;10;8;17
05/10/2014;1;7;17
05/10/2014;2;7;17
05/10/2014;3;7;22
05/10/2014;4;5;18
05/10/2014;5;7;19
05/10/2014;6;6;16
05/10/2014;7;8;20
05/10/2014;8;6;21
05/10/2014;9;7;19
05/10/2014;10;6;18
06/10/2014;1;8;18
06/10/2014;2;7;19
06/10/2014;3;7;18
06/10/2014;4;8;19
06/10/2014;5;7;19
06/10/2014;6;7;16
06/10/2014;7;6;18
06/10/2014;8;6;21
06/10/2014;9;7;19
06/10/2014;10;5;17
07/10/2014;1;6;19
07/10/2014;2;7;15
07/10/2014;3;7;19
07/10/2014;4;7;16
07/10/2014;5;6;18
07/10/2014;6;7;15
07/10/2014;7;5;19
07/10/2014;8;7;19
07/10/2014;9;8;17
07/10/2014;10;7;20
08/10/2014;1;6;19
08/10/2014;2;8;21
08/10/2014;3;6;23
08/10/2014;4;6;17
08/10/2014;5;7;19
08/10/2014;6;6;16
08/10/2014;7;7;17
08/10/2014;8;6;18
08/10/2014;9;6;19
08/10/2014;10;7;16
09/10/2014;1;7;18
09/10/2014;2;6;21
09/10/2014;3;6;18
09/10/2014;4;8;15
09/10/2014;5;6;15
09/10/2014;6;5;17
09/10/2014;7;6;17
09/10/2014;8;5;19
09/10/2014;9;5;15
09/10/2014;10;7;18
10/10/2014;1;7;17
10/10/2014;2;8;17
10/10/2014;3;5;17
10/10/2014;4;9;17
10/10/2014;5;8;19
10/10/2014;6;7;18
10/10/2014;7;7;18
10/10/2014;8;8;17
10/10/2014;9;5;18
10/10/2014;10;6;17
11/10/2014;1;7;19
11/10/2014;2;8;20
11/10/2014;3;6;20
11/10/2014;4;5;17
11/10/2014;5;7;19
11/10/2014;6;5;16
11/10/2014;7;7;18
11/10/2014;8;5;18
11/10/2014;9;6;18
11/10/2014;10;6;19
12/10/2014;1;6;19
12/10/2014;2;8;18
12/10/2014;3;8;17
12/10/2014;4;5;17
12/10/2014;5;6;17
12/10/2014;6;7;19
12/10/2014;7;6;19
12/10/2014;8;5;20
12/10/2014;9;5;18
12/10/2014;10;7;21
13/10/2014;1;6;17
13/10/2014;2;7;16
13/10/2014;3;6;18
13/10/2014;4;7;18
13/10/2014;5;8;15
13/10/2014;6;6;16
13/10/2014;7;6;19
13/10/2014;8;6;20
13/10/2014;9;9;16
13/10/2014;10;7;17
14/10/2014;1;7;17
14/10/2014;2;7;17
14/10/2014;3;6;19
14/10/2014;4;6;17
14/10/2014;5;7;19
14/10/2014;6;7;16
14/10/2014;7;6;20
14/10/2014;8;7;19
14/10/2014;9;6;20
14/10/2014;10;5;16
15/10/2014;1;7;15
15/10/2014;2;9;21
15/10/2014;3;7;19
15/10/2014;4;8;17
15/10/2014;5;7;21
15/10/2014;6;8;20
15/10/2014;7;6;21
15/10/2014;8;7;19
15/10/2014;9;6;19
15/10/2014;10;6;18
16/10/2014;1;5;17
16/10/2014;2;4;20
16/10/2014;3;6;22
16/10/2014;4;7;17
16/10/2014;5;5;18
16/10/2014;6;8;18
16/10/2014;7;5;17
16/10/2014;8;7;16
16/10/2014;9;7;19
16/10/2014;10;6;17
17/10/2014;1;5;16
17/10/2014;2;7;17
17/10/2014;3;7;17
17/10/2014;4;6;17
17/10/2014;5;7;20
17/10/2014;6;7;15
17/10/2014;7;6;15
17/10/2014;8;7;20
17/10/2014;9;7;21
17/10/2014;10;6;17
18/10/2014;1;7;17
18/10/2014;2;8;20
18/10/2014;3;7;19
18/10/2014;4;8;17
18/10/2014;5;7;17
18/10/2014;6;6;19
18/10/2014;7;6;14
18/10/2014;8;7;18
18/10/2014;9;6;19
18/10/2014;10;5;18
19/10/2014;1;6;17
19/10/2014;2;6;19
19/10/2014;3;7;18
19/10/2014;4;7;18
19/10/2014;5;6;19
19/10/2014;6;7;18
19/10/2014;7;7;19
19/10/2014;8;7;15
19/10/2014;9;7;20
19/10/2014;10;6;15
20/10/2014;1;5;18
20/10/2014;2;6;15
20/10/2014;3;7;19
20/10/2014;4;7;19
20/10/2014;5;6;19
20/10/2014;6;6;15
20/10/2014;7;6;17
20/10/2014;8;8;17
20/10/2014;9;7;18
20/10/2014;10;5;16
21/10/2014;1;5;16
21/10/2014;2;6;17
21/10/2014;3;6;18
21/10/2014;4;6;17
21/10/2014;5;6;18
21/10/2014;6;6;17
21/10/2014;7;8;19
21/10/2014;8;6;18
21/10/2014;9;6;16
21/10/2014;10;8;20
22/10/2014;1;6;16
22/10/2014;2;8;17
22/10/2014;3;8;19
22/10/2014;4;6;19
22/10/2014;5;7;18
22/10/2014;6;7;18
22/10/2014;7;7;15
22/10/2014;8;6;19
22/10/2014;9;7;15
22/10/2014;10;6;17
23/10/2014;1;7;16
23/10/2014;2;7;17
23/10/2014;3;6;17
23/10/2014;4;6;18
23/10/2014;5;7;20
23/10/2014;6;7;20
23/10/2014;7;8;19
23/10/2014;8;10;21
23/10/2014;9;7;20
23/10/2014;10;6;19
24/10/2014;1;7;21
24/10/2014;2;7;19
24/10/2014;3;6;21
24/10/2014;4;7;19
24/10/2014;5;6;18
24/10/2014;6;7;17
24/10/2014;7;9;16
24/10/2014;8;7;18
24/10/2014;9;6;17
24/10/2014;10;6;18
25/10/2014;1;5;19
25/10/2014;2;6;18
25/10/2014;3;7;16
25/10/2014;4;5;18
25/10/2014;5;7;22
25/10/2014;6;8;19
25/10/2014;7;7;19
25/10/2014;8;5;16
25/10/2014;9;6;19
25/10/2014;10;7;18
26/10/2014;1;8;19
26/10/2014;2;8;19
26/10/2014;3;6;19
26/10/2014;4;6;18
26/10/2014;5;6;17
26/10/2014;6;8;19
26/10/2014;7;6;18
26/10/2014;8;5;18
26/10/2014;9;8;19
26/10/2014;10;8;18
27/10/2014;1;4;17
27/10/2014;2;5;20
27/10/2014;3;7;16
27/10/2014;4;8;18
27/10/2014;5;7;20
27/10/2014;6;7;20
27/10/2014;7;5;18
27/10/2014;8;8;16
27/10/2014;9;6;18
27/10/2014;10;7;19
28/10/2014;1;5;19
28/10/2014;2;5;19
28/10/2014;3;5;18
28/10/2014;4;7;17
28/10/2014;5;6;19
28/10/2014;6;6;18
28/10/2014;7;7;15
28/10/2014;8;7;18
28/10/2014;9;8;18
28/10/2014;10;7;18
29/10/2014;1;8;18
29/10/2014;2;7;17
29/10/2014;3;7;16
29/10/2014;4;6;17
29/10/2014;5;6;20
29/10/2014;6;5;18
29/10/2014;7;7;18
29/10/2014;8;6;18
29/10/2014;9;7;19
29/10/2014;10;6;17
30/10/2014;1;7;20
30/10/2014;2;6;18
30/10/2014;3;5;17
30/10/2014;4;6;19
30/10/2014;5;8;16
30/10/2014;6;8;18
30/10/2014;7;8;18
30/10/2014;8;7;18
30/10/2014;9;6;20
30/10/2014;10;6;15
31/10/2014;1;4;16
31/10/2014;2;5;18
31/10/2014;3;7;17
31/10/2014;4;6;18
31/10/2014;5;8;17
31/10/2014;6;7;18
31/10/2014;7;5;16
31/10/2014;8;7;20
31/10/2014;9;6;17
31/10/2014;10;6;18
01/11/2014;1;6;17
01/11/2014;2;6;21
01/11/2014;3;7;15
01/11/2014;4;7;19
01/11/2014;5;6;17
01/11/2014;6;7;19
01/11/2014;7;6;20
01/11/2014;8;3;18
01/11/2014;9;8;17
01/11/2014;10;7;18
02/11/2014;1;7;20
02/11/2014;2;7;19
02/11/2014;3;7;18
02/11/2014;4;6;17
02/11/2014;5;7;19
02/11/2014;6;8;18
02/11/2014;7;7;20
02/11/2014;8;7;17
02/11/2014;9;5;17
02/11/2014;10;5;18
03/11/2014;1;4;20
03/11/2014;2;6;18
03/11/2014;3;6;17
03/11/2014;4;6;16
03/11/2014;5;6;19
03/11/2014;6;7;18
03/11/2014;7;6;21
03/11/2014;8;7;17
03/11/2014;9;6;22
03/11/2014;10;7;17
04/11/2014;1;8;20
04/11/2014;2;6;19
04/11/2014;3;8;22
04/11/2014;4;7;17
04/11/2014;5;7;18
04/11/2014;6;7;19
04/11/2014;7;7;20
04/11/2014;8;6;19
04/11/2014;9;7;19
04/11/2014;10;7;17
05/11/2014;1;6;17
05/11/2014;2;6;19
05/11/2014;3;7;19
05/11/2014;4;8;17
05/11/2014;5;7;18
05/11/2014;6;8;20
05/11/2014;7;6;19
05/11/2014;8;6;21
05/11/2014;9;6;18
05/11/2014;10;7;19
06/11/2014;1;9;15
06/11/2014;2;5;17
06/11/2014;3;7;19
06/11/2014;4;8;18
06/11/2014;5;6;18
06/11/2014;6;5;19
06/11/2014;7;7;18
06/11/2014;8;9;20
06/11/2014;9;6;17
06/11/2014;10;6;17
07/11/2014;1;6;19
07/11/2014;2;7;18
07/11/2014;3;7;18
07/11/2014;4;4;20
07/11/2014;5;7;17
07/11/2014;6;6;20
07/11/2014;7;5;16
07/11/2014;8;6;18
07/11/2014;9;5;20
07/11/2014;10;6;16
08/11/2014;1;4;18
08/11/2014;2;5;20
08/11/2014;3;6;18
08/11/2014;4;6;18
08/11/2014;5;7;15
08/11/2014;6;7;16
08/11/2014;7;8;20
08/11/2014;8;7;17
08/11/2014;9;6;20
08/11/2014;10;7;17
09/11/2014;1;8;18
09/11/2014;2;6;16
09/11/2014;3;7;19
09/11/2014;4;8;16
09/11/2014;5;6;19
09/11/2014;6;7;17
09/11/2014;7;9;17
09/11/2014;8;7;21
09/11/2014;9;6;18
09/11/2014;10;8;17
10/11/2014;1;8;19
10/11/2014;2;6;18
10/11/2014;3;7;18
10/11/2014;4;7;20
10/11/2014;5;7;18
10/11/2014;6;6;17
10/11/2014;7;7;19
10/11/2014;8;8;19
10/11/2014;9;6;19
10/11/2014;10;5;19
11/11/2014;1;7;20
11/11/2014;2;8;21
11/11/2014;3;7;15
11/11/2014;4;7;16
11/11/2014;5;7;18
11/11/2014;6;7;16
11/11/2014;7;6;22
11/11/2014;8;7;17
11/11/2014;9;6;16
11/11/2014;10;6;18
12/11/2014;1;5;17
12/11/2014;2;6;14
12/11/2014;3;7;17
12/11/2014;4;7;17
12/11/2014;5;7;16
12/11/2014;6;6;18
12/11/2014;7;8;17
12/11/2014;8;6;19
12/11/2014;9;7;19
12/11/2014;10;6;17
13/11/2014;1;5;18
13/11/2014;2;6;17
13/11/2014;3;6;17
13/11/2014;4;8;19
13/11/2014;5;6;16
13/11/2014;6;6;16
13/11/2014;7;4;19
13/11/2014;8;6;20
13/11/2014;9;6;20
13/11/2014;10;7;17
14/11/2014;1;5;19
14/11/2014;2;5;18
14/11/2014;3;5;18
14/11/2014;4;7;18
14/11/2014;5;7;17
14/11/2014;6;6;19
14/11/2014;7;5;17
14/11/2014;8;8;20
14/11/2014;9;7;17
14/11/2014;10;7;19
15/11/2014;1;6;16
15/11/2014;2;7;18
15/11/2014;3;7;16
15/11/2014;4;7;18
15/11/2014;5;7;21
15/11/2014;6;7;21
15/11/2014;7;8;19
15/11/2014;8;7;17
15/11/2014;9;7;18
15/11/2014;10;8;17
16/11/2014;1;6;16
16/11/2014;2;6;18
16/11/2014;3;7;18
16/11/2014;4;8;16
16/11/2014;5;7;19
16/11/2014;6;5;20
16/11/2014;7;6;16
16/11/2014;8;7;18
16/11/2014;9;7;19
16/11/2014;10;5;20
17/11/2014;1;6;16
17/11/2014;2;6;19
17/11/2014;3;5;21
17/11/2014;4;8;18
17/11/2014;5;6;20
17/11/2014;6;6;20
17/11/2014;7;6;16
17/11/2014;8;5;19
17/11/2014;9;6;21
17/11/2014;10;6;17
18/11/2014;1;6;18
18/11/2014;2;8;17
18/11/2014;3;6;18
18/11/2014;4;7;18
18/11/2014;5;7;18
18/11/2014;6;5;17
18/11/2014;7;7;19
18/11/2014;8;7;19
18/11/2014;9;8;17
18/11/2014;10;7;23
19/11/2014;1;6;20
19/11/2014;2;7;20
19/11/2014;3;6;21
19/11/2014;4;6;21
19/11/2014;5;7;18
19/11/2014;6;6;18
19/11/2014;7;5;20
19/11/2014;8;6;17
19/11/2014;9;6;18
19/11/2014;10;6;18
20/11/2014;1;7;16
20/11/2014;2;6;20
20/11/2014;3;7;16
20/11/2014;4;8;20
20/11/2014;5;8;20
20/11/2014;6;5;20
20/11/2014;7;5;15
20/11/2014;8;6;18
20/11/2014;9;7;18
20/11/2014;10;7;18
21/11/2014;1;4;19
21/11/2014;2;6;18
21/11/2014;3;8;17
21/11/2014;4;7;17
21/11/2014;5;6;20
21/11/2014;6;7;17
21/11/2014;7;7;20
21/11/2014;8;6;17
21/11/2014;9;7;19
21/11/2014;10;8;18
22/11/2014;1;7;18
22/11/2014;2;5;15
22/11/2014;3;6;18
22/11/2014;4;5;19
22/11/2014;5;6;21
22/11/2014;6;8;19
22/11/2014;7;7;16
22/11/2014;8;7;16
22/11/2014;9;8;18
22/11/2014;10;6;19
23/11/2014;1;6;18
23/11/2014;2;6;17
23/11/2014;3;5;19
23/11/2014;4;6;14
23/11/2014;5;7;18
23/11/2014;6;7;17
23/11/2014;7;7;20
23/11/2014;8;7;20
23/11/2014;9;6;19
23/11/2014;10;7;16
24/11/2014;1;5;16
24/11/2014;2;8;19
24/11/2014;3;6;15
24/11/2014;4;7;19
24/11/2014;5;7;19
24/11/2014;6;6;17
24/11/2014;7;6;19
24/11/2014;8;6;17
24/11/2014;9;7;19
24/11/2014;10;6;19
25/11/2014;1;8;17
25/11/2014;2;7;18
25/11/2014;3;7;18
25/11/2014;4;7;16
25/11/2014;5;6;18
25/11/2014;6;6;19
25/11/2014;7;8;17
25/11/2014;8;6;16
25/11/2014;9;6;19
25/11/2014;10;6;18
26/11/2014;1;6;17
26/11/2014;2;6;17
26/11/2014;3;7;18
26/11/2014;4;7;16
26/11/2014;5;7;16
26/11/2014;6;6;17
26/11/2014;7;7;19
26/11/2014;8;6;16
26/11/2014;9;9;18
26/11/2014;10;6;18
27/11/2014;1;4;21
27/11/2014;2;5;17
27/11/2014;3;7;17
27/11/2014;4;7;18
27/11/2014;5;7;19
27/11/2014;6;7;17
27/11/2014;7;9;20
27/11/2014;8;6;19
27/11/2014;9;7;17
27/11/2014;10;5;19
28/11/2014;1;7;17
28/11/2014;2;6;20
28/11/2014;3;5;17
28/11/2014;4;7;16
28/11/2014;5;6;17
28/11/2014;6;6;16
28/11/2014;7;5;19
28/11/2014;8;8;19
28/11/2014;9;7;16
28/11/2014;10;6;20
29/11/2014;1;7;21
29/11/2014;2;6;20
29/11/2014;3;5;20
29/11/2014;4;6;17
29/11/2014;5;5;18
29/11/2014;6;6;20
29/11/2014;7;7;19
29/11/2014;8;5;19
29/11/2014;9;8;18
29/11/2014;10;7;19
30/11/2014;1;6;18
30/11/2014;2;4;19
30/11/2014;3;8;18
30/11/2014;4;7;16
30/11/2014;5;7;19
30/11/2014;6;7;18
30/11/2014;7;5;19
30/11/2014;8;7;16
30/11/2014;9;6;18
30/11/2014;10;6;17
01/12/2014;1;7;18
01/12/2014;2;7;17
01/12/2014;3;6;18
01/12/2014;4;7;19
01/12/2014;5;6;16
01/12/2014;6;6;19
01/12/2014;7;5;19
01/12/2014;8;6;19
01/12/2014;9;6;18
01/12/2014;10;6;19
02/12/2014;1;5;18
02/12/2014;2;5;18
02/12/2014;3;5;17
02/12/2014;4;7;18
02/12/2014;5;5;17
02/12/2014;6;6;19
02/12/2014;7;7;19
02/12/2014;8;7;18
02/12/2014;9;4;16
02/12/2014;10;6;19
03/12/2014;1;7;15
03/12/2014;2;5;17
03/12/2014;3;6;16
03/12/2014;4;7;17
03/12/2014;5;8;17
03/12/2014;6;8;19
03/12/2014;7;6;18
03/12/2014;8;6;18
03/12/2014;9;7;15
03/12/2014;10;6;18
04/12/2014;1;7;17
04/12/2014;2;6;17
04/12/2014;3;7;18
04/12/2014;4;6;18
04/12/2014;5;8;17
04/12/2014;6;6;19
04/12/2014;7;7;19
04/12/2014;8;5;18
04/12/2014;9;7;17
04/12/2014;10;6;18
05/12/2014;1;6;18
05/12/2014;2;6;16
05/12/2014;3;6;16
05/12/2014;4;8;18
05/12/2014;5;6;21
05/12/2014;6;5;19
05/12/2014;7;7;20
05/12/2014;8;6;20
05/12/2014;9;6;16
05/12/2014;10;5;18
06/12/2014;1;5;18
06/12/2014;2;5;17
06/12/2014;3;6;19
06/12/2014;4;6;18
06/12/2014;5;6;16
06/12/2014;6;8;14
06/12/2014;7;7;21
06/12/2014;8;6;15
06/12/2014;9;6;18
06/12/2014;10;6;18
07/12/2014;1;6;16
07/12/2014;2;6;18
07/12/2014;3;6;16
07/12/2014;4;4;17
07/12/2014;5;8;22
07/12/2014;6;7;19
07/12/2014;7;9;19
07/12/2014;8;7;19
07/12/2014;9;6;16
07/12/2014;10;5;21
08/12/2014;1;8;17
08/12/2014;2;5;19
08/12/2014;3;8;19
08/12/2014;4;6;18
08/12/2014;5;6;17
08/12/2014;6;7;17
08/12/2014;7;6;16
08/12/2014;8;7;18
08/12/2014;9;5;17
08/12/2014;10;6;17
09/12/2014;1;5;20
09/12/2014;2;7;21
09/12/2014;3;7;17
09/12/2014;4;6;17
09/12/2014;5;6;20
09/12/2014;6;5;20
09/12/2014;7;6;18
09/12/2014;8;8;19
09/12/2014;9;7;16
09/12/2014;10;6;18
10/12/2014;1;7;17
10/12/2014;2;5;16
10/12/2014;3;7;17
10/12/2014;4;6;17
10/12/2014;5;7;18
10/12/2014;6;8;18
10/12/2014;7;6;17
10/12/2014;8;6;18
10/12/2014;9;6;18
10/12/2014;10;6;17
11/12/2014;1;6;22
11/12/2014;2;6;17
11/12/2014;3;7;17
11/12/2014;4;6;17
11/12/2014;5;6;16
11/12/2014;6;7;17
11/12/2014;7;6;17
11/12/2014;8;7;18
11/12/2014;9;7;19
11/12/2014;10;7;15
12/12/2014;1;7;14
12/12/2014;2;7;22
12/12/2014;3;7;19
12/12/2014;4;7;18
12/12/2014;5;6;17
12/12/2014;6;7;21
12/12/2014;7;5;19
12/12/2014;8;6;19
12/12/2014;9;6;19
12/12/2014;10;5;17
13/12/2014;1;5;19
13/12/2014;2;7;18
13/12/2014;3;7;20
13/12/2014;4;7;17
13/12/2014;5;6;16
13/12/2014;6;7;19
13/12/2014;7;8;19
13/12/2014;8;6;20
13/12/2014;9;7;18
13/12/2014;10;7;14
14/12/2014;1;5;17
14/12/2014;2;6;16
14/12/2014;3;6;17
14/12/2014;4;6;19
14/12/2014;5;7;17
14/12/2014;6;6;19
14/12/2014;7;7;18
14/12/2014;8;7;17
14/12/2014;9;4;20
14/12/2014;10;5;15
15/12/2014;1;6;18
15/12/2014;2;7;15
15/12/2014;3;6;19
15/12/2014;4;5;18
15/12/2014;5;7;19
15/12/2014;6;6;19
15/12/2014;7;7;18
15/12/2014;8;6;16
15/12/2014;9;7;18
15/12/2014;10;7;20
16/12/2014;1;6;17
16/12/2014;2;8;17
16/12/2014;3;8;16
16/12/2014;4;7;20
16/12/2014;5;6;19
16/12/2014;6;7;18
16/12/2014;7;5;19
16/12/2014;8;7;22
16/12/2014;9;9;17
16/12/2014;10;8;21
17/12/2014;1;8;18
17/12/2014;2;8;18
17/12/2014;3;6;17
17/12/2014;4;7;16
17/12/2014;5;6;18
17/12/2014;6;7;17
17/12/2014;7;7;17
17/12/2014;8;6;18
17/12/2014;9;6;17
17/12/2014;10;6;19
18/12/2014;1;6;17
18/12/2014;2;7;18
18/12/2014;3;5;18
18/12/2014;4;3;19
18/12/2014;5;8;19
18/12/2014;6;4;20
18/12/2014;7;6;18
18/12/2014;8;6;18
18/12/2014;9;9;17
18/12/2014;10;6;20
19/12/2014;1;8;17
19/12/2014;2;5;15
19/12/2014;3;6;19
19/12/2014;4;6;18
19/12/2014;5;8;18
19/12/2014;6;6;16
19/12/2014;7;6;16
19/12/2014;8;8;21
19/12/2014;9;6;18
19/12/2014;10;7;16
20/12/2014;1;4;18
20/12/2014;2;7;16
20/12/2014;3;6;19
20/12/2014;4;7;19
20/12/2014;5;6;17
20/12/2014;6;6;18
20/12/2014;7;7;20
20/12/2014;8;6;18
20/12/2014;9;8;18
20/12/2014;10;7;20
21/12/2014;1;6;19
21/12/2014;2;7;18
21/12/2014;3;7;18
21/12/2014;4;5;18
21/12/2014;5;7;18
21/12/2014;6;5;18
21/12/2014;7;6;18
21/12/2014;8;6;18
21/12/2014;9;6;18
21/12/2014;10;6;18
22/12/2014;1;6;19
22/12/2014;2;5;16
22/12/2014;3;6;22
22/12/2014;4;7;18
22/12/2014;5;7;21
22/12/2014;6;6;18
22/12/2014;7;5;18
22/12/2014;8;8;19
22/12/2014;9;6;18
22/12/2014;10;7;19
23/12/2014;1;5;18
23/12/2014;2;6;17
23/12/2014;3;7;18
23/12/2014;4;6;15
23/12/2014;5;8;17
23/12/2014;6;8;18
23/12/2014;7;4;16
23/12/2014;8;7;15
23/12/2014;9;6;18
23/12/2014;10;7;16
24/12/2014;1;5;19
24/12/2014;2;6;17
24/12/2014;3;6;20
24/12/2014;4;7;22
24/12/2014;5;6;17
24/12/2014;6;7;19
24/12/2014;7;6;20
24/12/2014;8;6;18
24/12/2014;9;6;19
24/12/2014;10;5;18
25/12/2014;1;6;19
25/12/2014;2;8;17
25/12/2014;3;6;15
25/12/2014;4;6;17
25/12/2014;5;4;20
25/12/2014;6;6;16
25/12/2014;7;7;19
25/12/2014;8;7;18
25/12/2014;9;5;16
25/12/2014;10;7;20
26/12/2014;1;6;16
26/12/2014;2;5;19
26/12/2014;3;5;20
26/12/2014;4;7;19
26/12/2014;5;7;19
26/12/2014;6;7;19
26/12/2014;7;7;18
26/12/2014;8;8;19
26/12/2014;9;6;17
26/12/2014;10;5;20
27/12/2014;1;7;17
27/12/2014;2;7;16
27/12/2014;3;6;19
27/12/2014;4;7;18
27/12/2014;5;8;19
27/12/2014;6;7;18
27/12/2014;7;6;17
27/12/2014;8;6;17
27/12/2014;9;6;19
27/12/2014;10;5;17
28/12/2014;1;6;20
28/12/2014;2;7;16
28/12/2014;3;6;20
28/12/2014;4;7;17
28/12/2014;5;5;15
28/12/2014;6;5;18
28/12/2014;7;7;20
28/12/2014;8;6;17
28/12/2014;9;7;15
28/12/2014;10;5;19
29/12/2014;1;6;16
29/12/2014;2;7;17
29/12/2014;3;6;19
29/12/2014;4;7;17
29/12/2014;5;7;14
29/12/2014;6;4;19
29/12/2014;7;5;17
29/12/2014;8;7;17
29/12/2014;9;6;17
29/12/2014;10;6;16
30/12/2014;1;6;18
30/12/2014;2;5;19
30/12/2014;3;5;18
30/12/2014;4;6;15
30/12/2014;5;7;17
30/12/2014;6;7;20
30/12/2014;7;7;16
30/12/2014;8;6;18
30/12/2014;9;6;17
30/12/2014;10;7;18
31/12/2014;1;6;18
31/12/2014;2;7;17
31/12/2014;3;6;18
31/12/2014;4;5;18
31/12/2014;5;7;17
31/12/2014;6;7;18
31/12/2014;7;7;15
31/12/2014;8;6;20
31/12/2014;9;7;16
31/12/2014;10;7;18
